{
 "type": "FeatureCollection",
 "features": [
  {
   "type": "Feature",
   "properties": {
    "name": "Advance Blvd",
    "kind": "minor"
   },
   "geometry": {
    "type": "LineString",
    "coordinates": [
     [
      -79.697014,
      43.689629
     ],
     [
      -79.699452,
      43.687411
     ]
    ]
   }
  },
  {
   "type": "Feature",
   "properties": {
    "name": "Eastern Ave",
    "kind": "minor"
   },
   "geometry": {
    "type": "LineString",
    "coordinates": [
     [
      -79.74723,
      43.693954
     ],
     [
      -79.74314,
      43.696858
     ]
    ]
   }
  },
  {
   "type": "Feature",
   "properties": {
    "name": "Advance Blvd",
    "kind": "minor"
   },
   "geometry": {
    "type": "LineString",
    "coordinates": [
     [
      -79.695559,
      43.690959
     ],
     [
      -79.697014,
      43.689629
     ]
    ]
   }
  },
  {
   "type": "Feature",
   "properties": {
    "name": "Advance Blvd",
    "kind": "minor"
   },
   "geometry": {
    "type": "LineString",
    "coordinates": [
     [
      -79.699452,
      43.687411
     ],
     [
      -79.700893,
      43.686049
     ]
    ]
   }
  },
  {
   "type": "Feature",
   "properties": {
    "name": "First Gulf Blvd",
    "kind": "minor"
   },
   "geometry": {
    "type": "LineString",
    "coordinates": [
     [
      -79.717226,
      43.680574
     ],
     [
      -79.715629,
      43.679373
     ]
    ]
   }
  },
  {
   "type": "Feature",
   "properties": {
    "name": "Westcreek Blvd",
    "kind": "minor"
   },
   "geometry": {
    "type": "LineString",
    "coordinates": [
     [
      -79.704995,
      43.681067
     ],
     [
      -79.704843,
      43.68179
     ],
     [
      -79.703898,
      43.682689
     ],
     [
      -79.703577,
      43.683199
     ]
    ]
   }
  },
  {
   "type": "Feature",
   "properties": {
    "name": "Claireville Conservation Rd",
    "kind": "major"
   },
   "geometry": {
    "type": "LineString",
    "coordinates": [
     [
      -79.673041,
      43.761695
     ],
     [
      -79.671948,
      43.760525
     ],
     [
      -79.671166,
      43.759724
     ],
     [
      -79.670718,
      43.759547
     ],
     [
      -79.669565,
      43.759394
     ]
    ]
   }
  },
  {
   "type": "Feature",
   "properties": {
    "name": "First Gulf Blvd",
    "kind": "minor"
   },
   "geometry": {
    "type": "LineString",
    "coordinates": [
     [
      -79.713224,
      43.676978
     ],
     [
      -79.713254,
      43.676367
     ],
     [
      -79.713532,
      43.675826
     ],
     [
      -79.71406,
      43.675335
     ],
     [
      -79.714818,
      43.675016
     ],
     [
      -79.715272,
      43.674819
     ],
     [
      -79.715641,
      43.674572
     ],
     [
      -79.717349,
      43.67305
     ],
     [
      -79.717854,
      43.672618
     ]
    ]
   }
  },
  {
   "type": "Feature",
   "properties": {
    "name": "First Gulf Blvd",
    "kind": "minor"
   },
   "geometry": {
    "type": "LineString",
    "coordinates": [
     [
      -79.715629,
      43.679373
     ],
     [
      -79.713942,
      43.678112
     ],
     [
      -79.71352,
      43.677639
     ],
     [
      -79.713224,
      43.676978
     ]
    ]
   }
  },
  {
   "type": "Feature",
   "properties": {
    "name": "Central Park Dr",
    "kind": "minor"
   },
   "geometry": {
    "type": "LineString",
    "coordinates": [
     [
      -79.715075,
      43.716653
     ],
     [
      -79.71538,
      43.71682
     ]
    ]
   }
  },
  {
   "type": "Feature",
   "properties": {
    "name": "Westcreek Blvd",
    "kind": "minor"
   },
   "geometry": {
    "type": "LineString",
    "coordinates": [
     [
      -79.703577,
      43.683199
     ],
     [
      -79.703281,
      43.683551
     ],
     [
      -79.701931,
      43.684765
     ]
    ]
   }
  },
  {
   "type": "Feature",
   "properties": {
    "name": "James Potter Rd",
    "kind": "minor"
   },
   "geometry": {
    "type": "LineString",
    "coordinates": [
     [
      -79.789266,
      43.664758
     ],
     [
      -79.79024,
      43.664757
     ],
     [
      -79.790888,
      43.664825
     ],
     [
      -79.791425,
      43.664969
     ],
     [
      -79.791943,
      43.665223
     ],
     [
      -79.792417,
      43.665518
     ],
     [
      -79.793176,
      43.666098
     ]
    ]
   }
  },
  {
   "type": "Feature",
   "properties": {
    "name": "James Potter Rd",
    "kind": "minor"
   },
   "geometry": {
    "type": "LineString",
    "coordinates": [
     [
      -79.776461,
      43.65396
     ],
     [
      -79.777326,
      43.654233
     ]
    ]
   }
  },
  {
   "type": "Feature",
   "properties": {
    "name": "James Potter Rd",
    "kind": "minor"
   },
   "geometry": {
    "type": "LineString",
    "coordinates": [
     [
      -79.785108,
      43.663289
     ],
     [
      -79.786302,
      43.664118
     ],
     [
      -79.786966,
      43.664454
     ],
     [
      -79.787448,
      43.664616
     ],
     [
      -79.789266,
      43.664758
     ]
    ]
   }
  },
  {
   "type": "Feature",
   "properties": {
    "name": "James Potter Rd",
    "kind": "minor"
   },
   "geometry": {
    "type": "LineString",
    "coordinates": [
     [
      -79.777326,
      43.654233
     ],
     [
      -79.779922,
      43.655111
     ]
    ]
   }
  },
  {
   "type": "Feature",
   "properties": {
    "name": "James Potter Rd",
    "kind": "minor"
   },
   "geometry": {
    "type": "LineString",
    "coordinates": [
     [
      -79.779922,
      43.655111
     ],
     [
      -79.78037,
      43.655304
     ],
     [
      -79.781012,
      43.655646
     ],
     [
      -79.781387,
      43.655906
     ],
     [
      -79.781772,
      43.656294
     ],
     [
      -79.782058,
      43.65669
     ],
     [
      -79.782332,
      43.657214
     ],
     [
      -79.782513,
      43.657799
     ],
     [
      -79.78258,
      43.658502
     ],
     [
      -79.78265,
      43.659669
     ]
    ]
   }
  },
  {
   "type": "Feature",
   "properties": {
    "name": "Westcreek Blvd",
    "kind": "minor"
   },
   "geometry": {
    "type": "LineString",
    "coordinates": [
     [
      -79.701931,
      43.684765
     ],
     [
      -79.70162,
      43.685067
     ],
     [
      -79.701351,
      43.68564
     ],
     [
      -79.700893,
      43.686049
     ]
    ]
   }
  },
  {
   "type": "Feature",
   "properties": {
    "name": "James Potter Rd",
    "kind": "minor"
   },
   "geometry": {
    "type": "LineString",
    "coordinates": [
     [
      -79.7694,
      43.653482
     ],
     [
      -79.770017,
      43.653639
     ],
     [
      -79.770703,
      43.653747
     ],
     [
      -79.771836,
      43.653759
     ],
     [
      -79.7729,
      43.653633
     ],
     [
      -79.773373,
      43.653564
     ]
    ]
   }
  },
  {
   "type": "Feature",
   "properties": {
    "name": "James Potter Rd",
    "kind": "minor"
   },
   "geometry": {
    "type": "LineString",
    "coordinates": [
     [
      -79.767686,
      43.652587
     ],
     [
      -79.768136,
      43.652913
     ],
     [
      -79.768525,
      43.653128
     ],
     [
      -79.7694,
      43.653482
     ]
    ]
   }
  },
  {
   "type": "Feature",
   "properties": {
    "name": "James Potter Rd",
    "kind": "minor"
   },
   "geometry": {
    "type": "LineString",
    "coordinates": [
     [
      -79.783233,
      43.661646
     ],
     [
      -79.783555,
      43.662026
     ],
     [
      -79.78451,
      43.662798
     ],
     [
      -79.785108,
      43.663289
     ]
    ]
   }
  },
  {
   "type": "Feature",
   "properties": {
    "name": "James Potter Rd",
    "kind": "minor"
   },
   "geometry": {
    "type": "LineString",
    "coordinates": [
     [
      -79.793176,
      43.666098
     ],
     [
      -79.793643,
      43.666448
     ],
     [
      -79.794439,
      43.667028
     ],
     [
      -79.794856,
      43.667336
     ],
     [
      -79.795261,
      43.667606
     ],
     [
      -79.79594,
      43.667985
     ]
    ]
   }
  },
  {
   "type": "Feature",
   "properties": {
    "name": "James Potter Rd",
    "kind": "minor"
   },
   "geometry": {
    "type": "LineString",
    "coordinates": [
     [
      -79.78265,
      43.659669
     ],
     [
      -79.782683,
      43.660453
     ],
     [
      -79.782891,
      43.661061
     ],
     [
      -79.783167,
      43.661551
     ],
     [
      -79.783233,
      43.661646
     ]
    ]
   }
  },
  {
   "type": "Feature",
   "properties": {
    "name": "James Potter Rd",
    "kind": "minor"
   },
   "geometry": {
    "type": "LineString",
    "coordinates": [
     [
      -79.773373,
      43.653564
     ],
     [
      -79.774271,
      43.653516
     ],
     [
      -79.775134,
      43.653604
     ],
     [
      -79.775962,
      43.653799
     ],
     [
      -79.776461,
      43.65396
     ]
    ]
   }
  },
  {
   "type": "Feature",
   "properties": {
    "name": "James Potter Rd",
    "kind": "minor"
   },
   "geometry": {
    "type": "LineString",
    "coordinates": [
     [
      -79.79594,
      43.667985
     ],
     [
      -79.796431,
      43.668291
     ],
     [
      -79.797038,
      43.668731
     ],
     [
      -79.797619,
      43.669177
     ],
     [
      -79.798432,
      43.66999
     ]
    ]
   }
  },
  {
   "type": "Feature",
   "properties": {
    "name": "Sandalwood Pkwy W",
    "kind": "major"
   },
   "geometry": {
    "type": "LineString",
    "coordinates": [
     [
      -79.81991,
      43.699266
     ],
     [
      -79.821777,
      43.697606
     ],
     [
      -79.822111,
      43.697335
     ],
     [
      -79.822767,
      43.69686
     ]
    ]
   }
  },
  {
   "type": "Feature",
   "properties": {
    "name": "Williams Pkwy",
    "kind": "minor"
   },
   "geometry": {
    "type": "LineString",
    "coordinates": [
     [
      -79.806228,
      43.674477
     ],
     [
      -79.805606,
      43.672758
     ],
     [
      -79.805336,
      43.67183
     ]
    ]
   }
  },
  {
   "type": "Feature",
   "properties": {
    "name": "Tomken Rd",
    "kind": "minor"
   },
   "geometry": {
    "type": "LineString",
    "coordinates": [
     [
      -79.693237,
      43.680483
     ],
     [
      -79.693671,
      43.680776
     ]
    ]
   }
  },
  {
   "type": "Feature",
   "properties": {
    "name": "Sandalwood Pkwy E",
    "kind": "major"
   },
   "geometry": {
    "type": "LineString",
    "coordinates": [
     [
      -79.754423,
      43.757425
     ],
     [
      -79.75517,
      43.756141
     ],
     [
      -79.755508,
      43.755757
     ],
     [
      -79.757389,
      43.754124
     ]
    ]
   }
  },
  {
   "type": "Feature",
   "properties": {
    "name": "Tomken Rd",
    "kind": "minor"
   },
   "geometry": {
    "type": "LineString",
    "coordinates": [
     [
      -79.693671,
      43.680776
     ],
     [
      -79.69488,
      43.681628
     ],
     [
      -79.697341,
      43.683411
     ]
    ]
   }
  },
  {
   "type": "Feature",
   "properties": {
    "name": "McLaughlin Rd",
    "kind": "minor"
   },
   "geometry": {
    "type": "LineString",
    "coordinates": [
     [
      -79.726311,
      43.64358
     ],
     [
      -79.72899,
      43.645591
     ]
    ]
   }
  },
  {
   "type": "Feature",
   "properties": {
    "name": "Countryside Dr",
    "kind": "minor"
   },
   "geometry": {
    "type": "LineString",
    "coordinates": [
     [
      -79.763685,
      43.77199
     ],
     [
      -79.761,
      43.77436
     ]
    ]
   }
  },
  {
   "type": "Feature",
   "properties": {
    "name": "Torbram Rd",
    "kind": "minor"
   },
   "geometry": {
    "type": "LineString",
    "coordinates": [
     [
      -79.751847,
      43.767584
     ],
     [
      -79.756474,
      43.771024
     ]
    ]
   }
  },
  {
   "type": "Feature",
   "properties": {
    "name": "Wanless Dr",
    "kind": "minor"
   },
   "geometry": {
    "type": "LineString",
    "coordinates": [
     [
      -79.83964,
      43.702106
     ],
     [
      -79.84084,
      43.70126
     ],
     [
      -79.84126,
      43.700933
     ],
     [
      -79.841661,
      43.700584
     ],
     [
      -79.844029,
      43.698357
     ]
    ]
   }
  },
  {
   "type": "Feature",
   "properties": {
    "name": "Hurontario St",
    "kind": "major"
   },
   "geometry": {
    "type": "LineString",
    "coordinates": [
     [
      -79.71291,
      43.651007
     ],
     [
      -79.713638,
      43.651547
     ]
    ]
   }
  },
  {
   "type": "Feature",
   "properties": {
    "name": "Williams Pkwy",
    "kind": "minor"
   },
   "geometry": {
    "type": "LineString",
    "coordinates": [
     [
      -79.804888,
      43.680121
     ],
     [
      -79.802373,
      43.681943
     ]
    ]
   }
  },
  {
   "type": "Feature",
   "properties": {
    "name": "Wanless Dr",
    "kind": "minor"
   },
   "geometry": {
    "type": "LineString",
    "coordinates": [
     [
      -79.844029,
      43.698357
     ],
     [
      -79.844922,
      43.697599
     ],
     [
      -79.845257,
      43.697307
     ],
     [
      -79.846055,
      43.696618
     ]
    ]
   }
  },
  {
   "type": "Feature",
   "properties": {
    "name": "Hurontario St",
    "kind": "major"
   },
   "geometry": {
    "type": "LineString",
    "coordinates": [
     [
      -79.820489,
      43.73047
     ],
     [
      -79.823525,
      43.732672
     ],
     [
      -79.825001,
      43.733764
     ]
    ]
   }
  },
  {
   "type": "Feature",
   "properties": {
    "name": "Torbram Rd",
    "kind": "minor"
   },
   "geometry": {
    "type": "LineString",
    "coordinates": [
     [
      -79.756474,
      43.771024
     ],
     [
      -79.761,
      43.77436
     ]
    ]
   }
  },
  {
   "type": "Feature",
   "properties": {
    "name": "Countryside Dr",
    "kind": "minor"
   },
   "geometry": {
    "type": "LineString",
    "coordinates": [
     [
      -79.727167,
      43.802238
     ],
     [
      -79.725912,
      43.803367
     ],
     [
      -79.72505,
      43.804105
     ]
    ]
   }
  },
  {
   "type": "Feature",
   "properties": {
    "name": "Clarkway Dr",
    "kind": "minor"
   },
   "geometry": {
    "type": "LineString",
    "coordinates": [
     [
      -79.678624,
      43.801052
     ],
     [
      -79.683069,
      43.804394
     ],
     [
      -79.68809,
      43.808121
     ],
     [
      -79.694232,
      43.812644
     ],
     [
      -79.696558,
      43.814385
     ],
     [
      -79.700738,
      43.817427
     ],
     [
      -79.701375,
      43.817899
     ],
     [
      -79.705872,
      43.82123
     ]
    ]
   }
  },
  {
   "type": "Feature",
   "properties": {
    "name": "Heart Lake Rd",
    "kind": "minor"
   },
   "geometry": {
    "type": "LineString",
    "coordinates": [
     [
      -79.774178,
      43.731487
     ],
     [
      -79.775934,
      43.732726
     ],
     [
      -79.778425,
      43.734598
     ]
    ]
   }
  },
  {
   "type": "Feature",
   "properties": {
    "name": "Main St S",
    "kind": "major"
   },
   "geometry": {
    "type": "LineString",
    "coordinates": [
     [
      -79.753488,
      43.681129
     ],
     [
      -79.752359,
      43.680289
     ]
    ]
   }
  },
  {
   "type": "Feature",
   "properties": {
    "name": "James Potter Rd",
    "kind": "minor"
   },
   "geometry": {
    "type": "LineString",
    "coordinates": [
     [
      -79.757247,
      43.644322
     ],
     [
      -79.758938,
      43.645294
     ]
    ]
   }
  },
  {
   "type": "Feature",
   "properties": {
    "name": "James Potter Rd",
    "kind": "minor"
   },
   "geometry": {
    "type": "LineString",
    "coordinates": [
     [
      -79.758938,
      43.645294
     ],
     [
      -79.759615,
      43.645698
     ],
     [
      -79.759699,
      43.645748
     ]
    ]
   }
  },
  {
   "type": "Feature",
   "properties": {
    "name": "McLaughlin Rd S",
    "kind": "minor"
   },
   "geometry": {
    "type": "LineString",
    "coordinates": [
     [
      -79.768112,
      43.674233
     ],
     [
      -79.76985,
      43.675495
     ],
     [
      -79.770649,
      43.676106
     ]
    ]
   }
  },
  {
   "type": "Feature",
   "properties": {
    "name": "Chinguacousy Rd",
    "kind": "major"
   },
   "geometry": {
    "type": "LineString",
    "coordinates": [
     [
      -79.832157,
      43.703786
     ],
     [
      -79.835311,
      43.706136
     ]
    ]
   }
  },
  {
   "type": "Feature",
   "properties": {
    "name": "Goreway Dr",
    "kind": "minor"
   },
   "geometry": {
    "type": "LineString",
    "coordinates": [
     [
      -79.731511,
      43.787934
     ],
     [
      -79.735227,
      43.79064
     ]
    ]
   }
  },
  {
   "type": "Feature",
   "properties": {
    "name": "Chinguacousy Rd",
    "kind": "major"
   },
   "geometry": {
    "type": "LineString",
    "coordinates": [
     [
      -79.781494,
      43.666552
     ],
     [
      -79.783435,
      43.667946
     ],
     [
      -79.786606,
      43.670267
     ]
    ]
   }
  },
  {
   "type": "Feature",
   "properties": {
    "name": "McLaughlin Rd N",
    "kind": "minor"
   },
   "geometry": {
    "type": "LineString",
    "coordinates": [
     [
      -79.82448,
      43.715813
     ],
     [
      -79.827752,
      43.71825
     ]
    ]
   }
  },
  {
   "type": "Feature",
   "properties": {
    "name": "Wanless Dr",
    "kind": "minor"
   },
   "geometry": {
    "type": "LineString",
    "coordinates": [
     [
      -79.82448,
      43.715813
     ],
     [
      -79.827341,
      43.713271
     ]
    ]
   }
  },
  {
   "type": "Feature",
   "properties": {
    "name": "Williams Pkwy",
    "kind": "minor"
   },
   "geometry": {
    "type": "LineString",
    "coordinates": [
     [
      -79.804888,
      43.680121
     ],
     [
      -79.806017,
      43.679295
     ],
     [
      -79.806453,
      43.678822
     ],
     [
      -79.806863,
      43.678151
     ],
     [
      -79.807053,
      43.67739
     ],
     [
      -79.807049,
      43.676722
     ],
     [
      -79.806875,
      43.67618
     ],
     [
      -79.806335,
      43.674805
     ],
     [
      -79.806228,
      43.674477
     ]
    ]
   }
  },
  {
   "type": "Feature",
   "properties": {
    "name": "Rutherford Rd S",
    "kind": "minor"
   },
   "geometry": {
    "type": "LineString",
    "coordinates": [
     [
      -79.739163,
      43.699435
     ],
     [
      -79.738339,
      43.698858
     ],
     [
      -79.734381,
      43.695911
     ],
     [
      -79.733672,
      43.695052
     ]
    ]
   }
  },
  {
   "type": "Feature",
   "properties": {
    "name": "James Potter Rd",
    "kind": "minor"
   },
   "geometry": {
    "type": "LineString",
    "coordinates": [
     [
      -79.802957,
      43.674449
     ],
     [
      -79.803675,
      43.674627
     ],
     [
      -79.804415,
      43.674715
     ],
     [
      -79.805063,
      43.674688
     ],
     [
      -79.806228,
      43.674477
     ]
    ]
   }
  },
  {
   "type": "Feature",
   "properties": {
    "name": "Torbram Rd",
    "kind": "minor"
   },
   "geometry": {
    "type": "LineString",
    "coordinates": [
     [
      -79.697642,
      43.727426
     ],
     [
      -79.701195,
      43.73001
     ],
     [
      -79.705499,
      43.733219
     ],
     [
      -79.706733,
      43.734106
     ]
    ]
   }
  },
  {
   "type": "Feature",
   "properties": {
    "name": "Castlemore Rd",
    "kind": "major"
   },
   "geometry": {
    "type": "LineString",
    "coordinates": [
     [
      -79.708063,
      43.775791
     ],
     [
      -79.707707,
      43.776125
     ],
     [
      -79.705056,
      43.77844
     ]
    ]
   }
  },
  {
   "type": "Feature",
   "properties": {
    "name": "Queen St E",
    "kind": "major"
   },
   "geometry": {
    "type": "LineString",
    "coordinates": [
     [
      -79.759652,
      43.686167
     ],
     [
      -79.758723,
      43.687025
     ]
    ]
   }
  },
  {
   "type": "Feature",
   "properties": {
    "name": "McLaughlin Rd N",
    "kind": "minor"
   },
   "geometry": {
    "type": "LineString",
    "coordinates": [
     [
      -79.80456,
      43.701182
     ],
     [
      -79.808332,
      43.703988
     ],
     [
      -79.810574,
      43.705627
     ],
     [
      -79.81194,
      43.706643
     ]
    ]
   }
  },
  {
   "type": "Feature",
   "properties": {
    "name": "Countryside Dr",
    "kind": "minor"
   },
   "geometry": {
    "type": "LineString",
    "coordinates": [
     [
      -79.78159,
      43.754503
     ],
     [
      -79.779431,
      43.756479
     ]
    ]
   }
  },
  {
   "type": "Feature",
   "properties": {
    "name": "Countryside Dr",
    "kind": "minor"
   },
   "geometry": {
    "type": "LineString",
    "coordinates": [
     [
      -79.779431,
      43.756479
     ],
     [
      -79.777145,
      43.758558
     ]
    ]
   }
  },
  {
   "type": "Feature",
   "properties": {
    "name": "Main St N",
    "kind": "major"
   },
   "geometry": {
    "type": "LineString",
    "coordinates": [
     [
      -79.771636,
      43.69463
     ],
     [
      -79.773924,
      43.696279
     ]
    ]
   }
  },
  {
   "type": "Feature",
   "properties": {
    "name": "Sandalwood Pkwy E",
    "kind": "major"
   },
   "geometry": {
    "type": "LineString",
    "coordinates": [
     [
      -79.803084,
      43.717828
     ],
     [
      -79.802393,
      43.718442
     ],
     [
      -79.799814,
      43.720837
     ]
    ]
   }
  },
  {
   "type": "Feature",
   "properties": {
    "name": "Main St N",
    "kind": "major"
   },
   "geometry": {
    "type": "LineString",
    "coordinates": [
     [
      -79.764357,
      43.689202
     ],
     [
      -79.765072,
      43.689737
     ]
    ]
   }
  },
  {
   "type": "Feature",
   "properties": {
    "name": "Goreway Dr",
    "kind": "minor"
   },
   "geometry": {
    "type": "LineString",
    "coordinates": [
     [
      -79.707113,
      43.769955
     ],
     [
      -79.71109,
      43.772899
     ]
    ]
   }
  },
  {
   "type": "Feature",
   "properties": {
    "name": "Main St S",
    "kind": "major"
   },
   "geometry": {
    "type": "LineString",
    "coordinates": [
     [
      -79.757551,
      43.684113
     ],
     [
      -79.756079,
      43.683054
     ]
    ]
   }
  },
  {
   "type": "Feature",
   "properties": {
    "name": "Bramalea Rd",
    "kind": "minor"
   },
   "geometry": {
    "type": "LineString",
    "coordinates": [
     [
      -79.711221,
      43.719823
     ],
     [
      -79.71363,
      43.721601
     ]
    ]
   }
  },
  {
   "type": "Feature",
   "properties": {
    "name": "Williams Pkwy",
    "kind": "minor"
   },
   "geometry": {
    "type": "LineString",
    "coordinates": [
     [
      -79.746814,
      43.720304
     ],
     [
      -79.744992,
      43.722967
     ],
     [
      -79.744614,
      43.723373
     ],
     [
      -79.74284,
      43.72497
     ],
     [
      -79.742202,
      43.725422
     ]
    ]
   }
  },
  {
   "type": "Feature",
   "properties": {
    "name": "Winston Churchill Blvd",
    "kind": "major"
   },
   "geometry": {
    "type": "LineString",
    "coordinates": [
     [
      -79.789599,
      43.601571
     ],
     [
      -79.790323,
      43.602124
     ]
    ]
   }
  },
  {
   "type": "Feature",
   "properties": {
    "name": "Hurontario St",
    "kind": "major"
   },
   "geometry": {
    "type": "LineString",
    "coordinates": [
     [
      -79.808869,
      43.722053
     ],
     [
      -79.814012,
      43.725811
     ]
    ]
   }
  },
  {
   "type": "Feature",
   "properties": {
    "name": "Main St S",
    "kind": "major"
   },
   "geometry": {
    "type": "LineString",
    "coordinates": [
     [
      -79.75995,
      43.685882
     ],
     [
      -79.759117,
      43.685292
     ]
    ]
   }
  },
  {
   "type": "Feature",
   "properties": {
    "name": "Queen St E",
    "kind": "major"
   },
   "geometry": {
    "type": "LineString",
    "coordinates": [
     [
      -79.751263,
      43.694048
     ],
     [
      -79.750594,
      43.694644
     ]
    ]
   }
  },
  {
   "type": "Feature",
   "properties": {
    "name": "Torbram Rd",
    "kind": "minor"
   },
   "geometry": {
    "type": "LineString",
    "coordinates": [
     [
      -79.687398,
      43.719772
     ],
     [
      -79.696168,
      43.72631
     ],
     [
      -79.697642,
      43.727426
     ]
    ]
   }
  },
  {
   "type": "Feature",
   "properties": {
    "name": "McLaughlin Rd N",
    "kind": "minor"
   },
   "geometry": {
    "type": "LineString",
    "coordinates": [
     [
      -79.81194,
      43.706643
     ],
     [
      -79.816058,
      43.709588
     ]
    ]
   }
  },
  {
   "type": "Feature",
   "properties": {
    "name": "Torbram Rd",
    "kind": "minor"
   },
   "geometry": {
    "type": "LineString",
    "coordinates": [
     [
      -79.73705,
      43.756712
     ],
     [
      -79.737766,
      43.757255
     ],
     [
      -79.743598,
      43.761542
     ]
    ]
   }
  },
  {
   "type": "Feature",
   "properties": {
    "name": "McVean Dr",
    "kind": "minor"
   },
   "geometry": {
    "type": "LineString",
    "coordinates": [
     [
      -79.682658,
      43.769023
     ],
     [
      -79.685823,
      43.771369
     ]
    ]
   }
  },
  {
   "type": "Feature",
   "properties": {
    "name": "Queen St W",
    "kind": "major"
   },
   "geometry": {
    "type": "LineString",
    "coordinates": [
     [
      -79.761973,
      43.684031
     ],
     [
      -79.762672,
      43.683417
     ]
    ]
   }
  },
  {
   "type": "Feature",
   "properties": {
    "name": "Sandalwood Pkwy E",
    "kind": "major"
   },
   "geometry": {
    "type": "LineString",
    "coordinates": [
     [
      -79.748582,
      43.765212
     ],
     [
      -79.749761,
      43.764392
     ],
     [
      -79.750029,
      43.764184
     ]
    ]
   }
  },
  {
   "type": "Feature",
   "properties": {
    "name": "Queen St W",
    "kind": "major"
   },
   "geometry": {
    "type": "LineString",
    "coordinates": [
     [
      -79.76446,
      43.681784
     ],
     [
      -79.765351,
      43.680966
     ]
    ]
   }
  },
  {
   "type": "Feature",
   "properties": {
    "name": "Queen St E",
    "kind": "major"
   },
   "geometry": {
    "type": "LineString",
    "coordinates": [
     [
      -79.750594,
      43.694644
     ],
     [
      -79.749491,
      43.695636
     ]
    ]
   }
  },
  {
   "type": "Feature",
   "properties": {
    "name": "Williams Pkwy",
    "kind": "minor"
   },
   "geometry": {
    "type": "LineString",
    "coordinates": [
     [
      -79.70713,
      43.754797
     ],
     [
      -79.70037,
      43.760748
     ]
    ]
   }
  },
  {
   "type": "Feature",
   "properties": {
    "name": "Kennedy Rd",
    "kind": "minor"
   },
   "geometry": {
    "type": "LineString",
    "coordinates": [
     [
      -79.776629,
      43.715924
     ],
     [
      -79.777145,
      43.7163
     ],
     [
      -79.777976,
      43.716905
     ],
     [
      -79.779108,
      43.717696
     ],
     [
      -79.78128,
      43.719331
     ]
    ]
   }
  },
  {
   "type": "Feature",
   "properties": {
    "name": "Main St N",
    "kind": "major"
   },
   "geometry": {
    "type": "LineString",
    "coordinates": [
     [
      -79.765072,
      43.689737
     ],
     [
      -79.765513,
      43.69007
     ]
    ]
   }
  },
  {
   "type": "Feature",
   "properties": {
    "name": "Hurontario St",
    "kind": "major"
   },
   "geometry": {
    "type": "LineString",
    "coordinates": [
     [
      -79.795898,
      43.712526
     ],
     [
      -79.799384,
      43.715097
     ]
    ]
   }
  },
  {
   "type": "Feature",
   "properties": {
    "name": "McLaughlin Rd N",
    "kind": "minor"
   },
   "geometry": {
    "type": "LineString",
    "coordinates": [
     [
      -79.785068,
      43.686786
     ],
     [
      -79.787325,
      43.68844
     ]
    ]
   }
  },
  {
   "type": "Feature",
   "properties": {
    "name": "McLaughlin Rd N",
    "kind": "minor"
   },
   "geometry": {
    "type": "LineString",
    "coordinates": [
     [
      -79.779743,
      43.682821
     ],
     [
      -79.785068,
      43.686786
     ]
    ]
   }
  },
  {
   "type": "Feature",
   "properties": {
    "name": "Bramalea Rd",
    "kind": "minor"
   },
   "geometry": {
    "type": "LineString",
    "coordinates": [
     [
      -79.692602,
      43.70593
     ],
     [
      -79.694623,
      43.707448
     ]
    ]
   }
  },
  {
   "type": "Feature",
   "properties": {
    "name": "Torbram Rd",
    "kind": "minor"
   },
   "geometry": {
    "type": "LineString",
    "coordinates": [
     [
      -79.733964,
      43.754413
     ],
     [
      -79.73705,
      43.756712
     ]
    ]
   }
  },
  {
   "type": "Feature",
   "properties": {
    "name": "Main St N",
    "kind": "major"
   },
   "geometry": {
    "type": "LineString",
    "coordinates": [
     [
      -79.766185,
      43.69055
     ],
     [
      -79.766976,
      43.691127
     ]
    ]
   }
  },
  {
   "type": "Feature",
   "properties": {
    "name": "Main St S",
    "kind": "major"
   },
   "geometry": {
    "type": "LineString",
    "coordinates": [
     [
      -79.756079,
      43.683054
     ],
     [
      -79.753707,
      43.681289
     ]
    ]
   }
  },
  {
   "type": "Feature",
   "properties": {
    "name": "Rutherford Rd S",
    "kind": "minor"
   },
   "geometry": {
    "type": "LineString",
    "coordinates": [
     [
      -79.732114,
      43.691667
     ],
     [
      -79.731769,
      43.690957
     ],
     [
      -79.730963,
      43.69034
     ]
    ]
   }
  },
  {
   "type": "Feature",
   "properties": {
    "name": "Bramalea Rd",
    "kind": "minor"
   },
   "geometry": {
    "type": "LineString",
    "coordinates": [
     [
      -79.694623,
      43.707448
     ],
     [
      -79.696596,
      43.708906
     ]
    ]
   }
  },
  {
   "type": "Feature",
   "properties": {
    "name": "Bramalea Rd",
    "kind": "minor"
   },
   "geometry": {
    "type": "LineString",
    "coordinates": [
     [
      -79.696596,
      43.708906
     ],
     [
      -79.699556,
      43.711151
     ]
    ]
   }
  },
  {
   "type": "Feature",
   "properties": {
    "name": "Williams Pkwy",
    "kind": "minor"
   },
   "geometry": {
    "type": "LineString",
    "coordinates": [
     [
      -79.76085,
      43.713587
     ],
     [
      -79.760156,
      43.713917
     ],
     [
      -79.759469,
      43.714117
     ],
     [
      -79.758613,
      43.714225
     ],
     [
      -79.757825,
      43.714216
     ]
    ]
   }
  },
  {
   "type": "Feature",
   "properties": {
    "name": "Sandalwood Pkwy W",
    "kind": "major"
   },
   "geometry": {
    "type": "LineString",
    "coordinates": [
     [
      -79.829921,
      43.693422
     ],
     [
      -79.830856,
      43.692603
     ],
     [
      -79.832776,
      43.691029
     ]
    ]
   }
  },
  {
   "type": "Feature",
   "properties": {
    "name": "Hurontario St",
    "kind": "major"
   },
   "geometry": {
    "type": "LineString",
    "coordinates": [
     [
      -79.814012,
      43.725811
     ],
     [
      -79.817258,
      43.728168
     ]
    ]
   }
  },
  {
   "type": "Feature",
   "properties": {
    "name": "Bramalea Rd",
    "kind": "minor"
   },
   "geometry": {
    "type": "LineString",
    "coordinates": [
     [
      -79.699556,
      43.711151
     ],
     [
      -79.70255,
      43.71335
     ]
    ]
   }
  },
  {
   "type": "Feature",
   "properties": {
    "name": "James Potter Rd",
    "kind": "minor"
   },
   "geometry": {
    "type": "LineString",
    "coordinates": [
     [
      -79.76066,
      43.647123
     ],
     [
      -79.760825,
      43.64762
     ],
     [
      -79.761062,
      43.648082
     ]
    ]
   }
  },
  {
   "type": "Feature",
   "properties": {
    "name": "Countryside Dr",
    "kind": "minor"
   },
   "geometry": {
    "type": "LineString",
    "coordinates": [
     [
      -79.758618,
      43.776462
     ],
     [
      -79.757818,
      43.777111
     ],
     [
      -79.756644,
      43.777904
     ],
     [
      -79.755264,
      43.778779
     ]
    ]
   }
  },
  {
   "type": "Feature",
   "properties": {
    "name": "Sandalwood Pkwy E",
    "kind": "major"
   },
   "geometry": {
    "type": "LineString",
    "coordinates": [
     [
      -79.732424,
      43.768049
     ],
     [
      -79.732906,
      43.767985
     ],
     [
      -79.733351,
      43.767935
     ]
    ]
   }
  },
  {
   "type": "Feature",
   "properties": {
    "name": "Central Park Dr",
    "kind": "minor"
   },
   "geometry": {
    "type": "LineString",
    "coordinates": [
     [
      -79.727857,
      43.725781
     ],
     [
      -79.727851,
      43.726519
     ],
     [
      -79.72757,
      43.727043
     ],
     [
      -79.725822,
      43.728581
     ]
    ]
   }
  },
  {
   "type": "Feature",
   "properties": {
    "name": "Goreway Dr",
    "kind": "minor"
   },
   "geometry": {
    "type": "LineString",
    "coordinates": [
     [
      -79.715261,
      43.775958
     ],
     [
      -79.717818,
      43.777819
     ],
     [
      -79.719807,
      43.77929
     ]
    ]
   }
  },
  {
   "type": "Feature",
   "properties": {
    "name": "Tomken Rd",
    "kind": "minor"
   },
   "geometry": {
    "type": "LineString",
    "coordinates": [
     [
      -79.690224,
      43.669631
     ],
     [
      -79.691385,
      43.670477
     ],
     [
      -79.691708,
      43.670773
     ],
     [
      -79.692011,
      43.671164
     ],
     [
      -79.692274,
      43.671635
     ]
    ]
   }
  },
  {
   "type": "Feature",
   "properties": {
    "name": "Bramalea Rd",
    "kind": "minor"
   },
   "geometry": {
    "type": "LineString",
    "coordinates": [
     [
      -79.740467,
      43.741619
     ],
     [
      -79.742049,
      43.742811
     ],
     [
      -79.744191,
      43.744388
     ]
    ]
   }
  },
  {
   "type": "Feature",
   "properties": {
    "name": "Central Park Dr",
    "kind": "minor"
   },
   "geometry": {
    "type": "LineString",
    "coordinates": [
     [
      -79.723743,
      43.721625
     ],
     [
      -79.724276,
      43.72204
     ],
     [
      -79.726824,
      43.724468
     ]
    ]
   }
  },
  {
   "type": "Feature",
   "properties": {
    "name": "Sandalwood Pkwy E",
    "kind": "major"
   },
   "geometry": {
    "type": "LineString",
    "coordinates": [
     [
      -79.743328,
      43.766712
     ],
     [
      -79.745568,
      43.766471
     ],
     [
      -79.746035,
      43.766422
     ]
    ]
   }
  },
  {
   "type": "Feature",
   "properties": {
    "name": "Goreway Dr",
    "kind": "minor"
   },
   "geometry": {
    "type": "LineString",
    "coordinates": [
     [
      -79.719807,
      43.77929
     ],
     [
      -79.725788,
      43.783706
     ]
    ]
   }
  },
  {
   "type": "Feature",
   "properties": {
    "name": "Central Park Dr",
    "kind": "minor"
   },
   "geometry": {
    "type": "LineString",
    "coordinates": [
     [
      -79.726824,
      43.724468
     ],
     [
      -79.727296,
      43.724874
     ],
     [
      -79.727772,
      43.72551
     ],
     [
      -79.727857,
      43.725781
     ]
    ]
   }
  },
  {
   "type": "Feature",
   "properties": {
    "name": "Kennedy Rd",
    "kind": "minor"
   },
   "geometry": {
    "type": "LineString",
    "coordinates": [
     [
      -79.786144,
      43.722917
     ],
     [
      -79.790201,
      43.725881
     ]
    ]
   }
  },
  {
   "type": "Feature",
   "properties": {
    "name": "Torbram Rd",
    "kind": "minor"
   },
   "geometry": {
    "type": "LineString",
    "coordinates": [
     [
      -79.679716,
      43.714426
     ],
     [
      -79.680388,
      43.714902
     ],
     [
      -79.680804,
      43.715158
     ],
     [
      -79.682032,
      43.715803
     ],
     [
      -79.683734,
      43.717052
     ]
    ]
   }
  },
  {
   "type": "Feature",
   "properties": {
    "name": "Heart Lake Rd",
    "kind": "minor"
   },
   "geometry": {
    "type": "LineString",
    "coordinates": [
     [
      -79.787033,
      43.740929
     ],
     [
      -79.787479,
      43.74124
     ]
    ]
   }
  },
  {
   "type": "Feature",
   "properties": {
    "name": "Queen St E",
    "kind": "major"
   },
   "geometry": {
    "type": "LineString",
    "coordinates": [
     [
      -79.751615,
      43.693723
     ],
     [
      -79.751263,
      43.694048
     ]
    ]
   }
  },
  {
   "type": "Feature",
   "properties": {
    "name": "McVean Dr",
    "kind": "minor"
   },
   "geometry": {
    "type": "LineString",
    "coordinates": [
     [
      -79.700414,
      43.78237
     ],
     [
      -79.705142,
      43.785905
     ],
     [
      -79.709289,
      43.789009
     ]
    ]
   }
  },
  {
   "type": "Feature",
   "properties": {
    "name": "Sandalwood Pkwy E",
    "kind": "major"
   },
   "geometry": {
    "type": "LineString",
    "coordinates": [
     [
      -79.730096,
      43.76905
     ],
     [
      -79.730469,
      43.768776
     ],
     [
      -79.731145,
      43.768414
     ],
     [
      -79.731689,
      43.768218
     ],
     [
      -79.732424,
      43.768049
     ]
    ]
   }
  },
  {
   "type": "Feature",
   "properties": {
    "name": "Sandalwood Pkwy E",
    "kind": "major"
   },
   "geometry": {
    "type": "LineString",
    "coordinates": [
     [
      -79.790131,
      43.730004
     ],
     [
      -79.789368,
      43.730676
     ],
     [
      -79.788991,
      43.730992
     ],
     [
      -79.788502,
      43.731279
     ],
     [
      -79.788227,
      43.731393
     ]
    ]
   }
  },
  {
   "type": "Feature",
   "properties": {
    "name": "Castlemore Rd",
    "kind": "major"
   },
   "geometry": {
    "type": "LineString",
    "coordinates": [
     [
      -79.705056,
      43.77844
     ],
     [
      -79.700414,
      43.78237
     ]
    ]
   }
  },
  {
   "type": "Feature",
   "properties": {
    "name": "Goreway Dr",
    "kind": "major"
   },
   "geometry": {
    "type": "LineString",
    "coordinates": [
     [
      -79.679424,
      43.749366
     ],
     [
      -79.681918,
      43.751223
     ]
    ]
   }
  },
  {
   "type": "Feature",
   "properties": {
    "name": "Goreway Dr",
    "kind": "major"
   },
   "geometry": {
    "type": "LineString",
    "coordinates": [
     [
      -79.681918,
      43.751223
     ],
     [
      -79.684495,
      43.753134
     ]
    ]
   }
  },
  {
   "type": "Feature",
   "properties": {
    "name": "Goreway Dr",
    "kind": "minor"
   },
   "geometry": {
    "type": "LineString",
    "coordinates": [
     [
      -79.71109,
      43.772899
     ],
     [
      -79.715261,
      43.775958
     ]
    ]
   }
  },
  {
   "type": "Feature",
   "properties": {
    "name": "Queen St E",
    "kind": "major"
   },
   "geometry": {
    "type": "LineString",
    "coordinates": [
     [
      -79.74585,
      43.698873
     ],
     [
      -79.742563,
      43.701795
     ]
    ]
   }
  },
  {
   "type": "Feature",
   "properties": {
    "name": "Queen St W",
    "kind": "major"
   },
   "geometry": {
    "type": "LineString",
    "coordinates": [
     [
      -79.760879,
      43.685041
     ],
     [
      -79.761742,
      43.684244
     ]
    ]
   }
  },
  {
   "type": "Feature",
   "properties": {
    "name": "Bramalea Rd",
    "kind": "minor"
   },
   "geometry": {
    "type": "LineString",
    "coordinates": [
     [
      -79.714932,
      43.722606
     ],
     [
      -79.715698,
      43.72316
     ]
    ]
   }
  },
  {
   "type": "Feature",
   "properties": {
    "name": "Clark Blvd",
    "kind": "major"
   },
   "geometry": {
    "type": "LineString",
    "coordinates": [
     [
      -79.739163,
      43.699435
     ],
     [
      -79.736837,
      43.701079
     ],
     [
      -79.736735,
      43.701132
     ]
    ]
   }
  },
  {
   "type": "Feature",
   "properties": {
    "name": "Tomken Rd",
    "kind": "minor"
   },
   "geometry": {
    "type": "LineString",
    "coordinates": [
     [
      -79.704743,
      43.689015
     ],
     [
      -79.704858,
      43.689124
     ],
     [
      -79.706502,
      43.69039
     ]
    ]
   }
  },
  {
   "type": "Feature",
   "properties": {
    "name": "Hurontario St",
    "kind": "major"
   },
   "geometry": {
    "type": "LineString",
    "coordinates": [
     [
      -79.803084,
      43.717828
     ],
     [
      -79.808869,
      43.722053
     ]
    ]
   }
  },
  {
   "type": "Feature",
   "properties": {
    "name": "McLaughlin Rd S",
    "kind": "minor"
   },
   "geometry": {
    "type": "LineString",
    "coordinates": [
     [
      -79.744937,
      43.65725
     ],
     [
      -79.746228,
      43.658153
     ],
     [
      -79.749126,
      43.660274
     ]
    ]
   }
  },
  {
   "type": "Feature",
   "properties": {
    "name": "Wanless Dr",
    "kind": "minor"
   },
   "geometry": {
    "type": "LineString",
    "coordinates": [
     [
      -79.833049,
      43.708161
     ],
     [
      -79.835311,
      43.706136
     ]
    ]
   }
  },
  {
   "type": "Feature",
   "properties": {
    "name": "Chinguacousy Rd",
    "kind": "major"
   },
   "geometry": {
    "type": "LineString",
    "coordinates": [
     [
      -79.814848,
      43.690989
     ],
     [
      -79.817648,
      43.693084
     ]
    ]
   }
  },
  {
   "type": "Feature",
   "properties": {
    "name": "Bramalea Rd",
    "kind": "minor"
   },
   "geometry": {
    "type": "LineString",
    "coordinates": [
     [
      -79.70255,
      43.71335
     ],
     [
      -79.703488,
      43.71409
     ]
    ]
   }
  },
  {
   "type": "Feature",
   "properties": {
    "name": "Sandalwood Pkwy E",
    "kind": "major"
   },
   "geometry": {
    "type": "LineString",
    "coordinates": [
     [
      -79.793325,
      43.728201
     ],
     [
      -79.792435,
      43.728809
     ],
     [
      -79.790908,
      43.729522
     ],
     [
      -79.790295,
      43.72988
     ],
     [
      -79.790131,
      43.730004
     ]
    ]
   }
  },
  {
   "type": "Feature",
   "properties": {
    "name": "Main St N",
    "kind": "major"
   },
   "geometry": {
    "type": "LineString",
    "coordinates": [
     [
      -79.765513,
      43.69007
     ],
     [
      -79.76583,
      43.690308
     ]
    ]
   }
  },
  {
   "type": "Feature",
   "properties": {
    "name": "Central Park Dr",
    "kind": "minor"
   },
   "geometry": {
    "type": "LineString",
    "coordinates": [
     [
      -79.725822,
      43.728581
     ],
     [
      -79.724513,
      43.729768
     ]
    ]
   }
  },
  {
   "type": "Feature",
   "properties": {
    "name": "Torbram Rd",
    "kind": "minor"
   },
   "geometry": {
    "type": "LineString",
    "coordinates": [
     [
      -79.709711,
      43.736265
     ],
     [
      -79.712737,
      43.73857
     ]
    ]
   }
  },
  {
   "type": "Feature",
   "properties": {
    "name": "Williams Pkwy",
    "kind": "minor"
   },
   "geometry": {
    "type": "LineString",
    "coordinates": [
     [
      -79.772293,
      43.703248
     ],
     [
      -79.766605,
      43.708432
     ]
    ]
   }
  },
  {
   "type": "Feature",
   "properties": {
    "name": "Torbram Rd",
    "kind": "minor"
   },
   "geometry": {
    "type": "LineString",
    "coordinates": [
     [
      -79.712737,
      43.73857
     ],
     [
      -79.716004,
      43.741017
     ],
     [
      -79.717453,
      43.742069
     ]
    ]
   }
  },
  {
   "type": "Feature",
   "properties": {
    "name": "Torbram Rd",
    "kind": "minor"
   },
   "geometry": {
    "type": "LineString",
    "coordinates": [
     [
      -79.723713,
      43.746803
     ],
     [
      -79.726773,
      43.749066
     ]
    ]
   }
  },
  {
   "type": "Feature",
   "properties": {
    "name": "Bramalea Rd",
    "kind": "minor"
   },
   "geometry": {
    "type": "LineString",
    "coordinates": [
     [
      -79.703488,
      43.71409
     ],
     [
      -79.705361,
      43.71543
     ]
    ]
   }
  },
  {
   "type": "Feature",
   "properties": {
    "name": "Wanless Dr",
    "kind": "minor"
   },
   "geometry": {
    "type": "LineString",
    "coordinates": [
     [
      -79.81604,
      43.723951
     ],
     [
      -79.818241,
      43.721884
     ],
     [
      -79.819067,
      43.720777
     ],
     [
      -79.82168,
      43.718399
     ]
    ]
   }
  },
  {
   "type": "Feature",
   "properties": {
    "name": "McVean Dr",
    "kind": "minor"
   },
   "geometry": {
    "type": "LineString",
    "coordinates": [
     [
      -79.685823,
      43.771369
     ],
     [
      -79.688252,
      43.773193
     ]
    ]
   }
  },
  {
   "type": "Feature",
   "properties": {
    "name": "Williams Pkwy",
    "kind": "minor"
   },
   "geometry": {
    "type": "LineString",
    "coordinates": [
     [
      -79.790995,
      43.684452
     ],
     [
      -79.791748,
      43.683782
     ],
     [
      -79.792396,
      43.683361
     ],
     [
      -79.792853,
      43.683186
     ],
     [
      -79.793828,
      43.683003
     ],
     [
      -79.794298,
      43.682991
     ]
    ]
   }
  },
  {
   "type": "Feature",
   "properties": {
    "name": "Hurontario St",
    "kind": "major"
   },
   "geometry": {
    "type": "LineString",
    "coordinates": [
     [
      -79.716707,
      43.653764
     ],
     [
      -79.716774,
      43.65381
     ]
    ]
   }
  },
  {
   "type": "Feature",
   "properties": {
    "name": "Bramalea Rd",
    "kind": "minor"
   },
   "geometry": {
    "type": "LineString",
    "coordinates": [
     [
      -79.738397,
      43.74011
     ],
     [
      -79.740467,
      43.741619
     ]
    ]
   }
  },
  {
   "type": "Feature",
   "properties": {
    "name": "Williams Pkwy",
    "kind": "minor"
   },
   "geometry": {
    "type": "LineString",
    "coordinates": [
     [
      -79.751851,
      43.71574
     ],
     [
      -79.751286,
      43.716148
     ]
    ]
   }
  },
  {
   "type": "Feature",
   "properties": {
    "name": "Hurontario St",
    "kind": "major"
   },
   "geometry": {
    "type": "LineString",
    "coordinates": [
     [
      -79.716774,
      43.65381
     ],
     [
      -79.716874,
      43.653883
     ]
    ]
   }
  },
  {
   "type": "Feature",
   "properties": {
    "name": "Castlemore Rd",
    "kind": "major"
   },
   "geometry": {
    "type": "LineString",
    "coordinates": [
     [
      -79.722379,
      43.763333
     ],
     [
      -79.720569,
      43.764794
     ]
    ]
   }
  },
  {
   "type": "Feature",
   "properties": {
    "name": "Sandalwood Pkwy W",
    "kind": "major"
   },
   "geometry": {
    "type": "LineString",
    "coordinates": [
     [
      -79.82523,
      43.69571
     ],
     [
      -79.827058,
      43.695391
     ]
    ]
   }
  },
  {
   "type": "Feature",
   "properties": {
    "name": "Hurontario St",
    "kind": "highway"
   },
   "geometry": {
    "type": "LineString",
    "coordinates": [
     [
      -79.829863,
      43.737486
     ],
     [
      -79.83088,
      43.738232
     ]
    ]
   }
  },
  {
   "type": "Feature",
   "properties": {
    "name": "Rutherford Rd S",
    "kind": "minor"
   },
   "geometry": {
    "type": "LineString",
    "coordinates": [
     [
      -79.730963,
      43.69034
     ],
     [
      -79.730356,
      43.689919
     ],
     [
      -79.729277,
      43.689124
     ]
    ]
   }
  },
  {
   "type": "Feature",
   "properties": {
    "name": "Rutherford Rd S",
    "kind": "minor"
   },
   "geometry": {
    "type": "LineString",
    "coordinates": [
     [
      -79.729277,
      43.689124
     ],
     [
      -79.72845,
      43.68852
     ],
     [
      -79.725425,
      43.686443
     ]
    ]
   }
  },
  {
   "type": "Feature",
   "properties": {
    "name": "McLaughlin Rd N",
    "kind": "minor"
   },
   "geometry": {
    "type": "LineString",
    "coordinates": [
     [
      -79.816058,
      43.709588
     ],
     [
      -79.821506,
      43.713608
     ]
    ]
   }
  },
  {
   "type": "Feature",
   "properties": {
    "name": "Main St N",
    "kind": "major"
   },
   "geometry": {
    "type": "LineString",
    "coordinates": [
     [
      -79.769437,
      43.692957
     ],
     [
      -79.771636,
      43.69463
     ]
    ]
   }
  },
  {
   "type": "Feature",
   "properties": {
    "name": "Creditview Rd",
    "kind": "minor"
   },
   "geometry": {
    "type": "LineString",
    "coordinates": [
     [
      -79.831586,
      43.685896
     ],
     [
      -79.83366,
      43.687415
     ],
     [
      -79.83469,
      43.688167
     ],
     [
      -79.835561,
      43.688796
     ]
    ]
   }
  },
  {
   "type": "Feature",
   "properties": {
    "name": "Countryside Dr",
    "kind": "minor"
   },
   "geometry": {
    "type": "LineString",
    "coordinates": [
     [
      -79.713143,
      43.814807
     ],
     [
      -79.709939,
      43.817639
     ],
     [
      -79.708619,
      43.818831
     ],
     [
      -79.705872,
      43.82123
     ]
    ]
   }
  },
  {
   "type": "Feature",
   "properties": {
    "name": "Countryside Dr",
    "kind": "minor"
   },
   "geometry": {
    "type": "LineString",
    "coordinates": [
     [
      -79.72163,
      43.807227
     ],
     [
      -79.719998,
      43.808739
     ],
     [
      -79.716649,
      43.811687
     ]
    ]
   }
  },
  {
   "type": "Feature",
   "properties": {
    "name": "Hurontario St",
    "kind": "major"
   },
   "geometry": {
    "type": "LineString",
    "coordinates": [
     [
      -79.715067,
      43.652562
     ],
     [
      -79.716169,
      43.653367
     ]
    ]
   }
  },
  {
   "type": "Feature",
   "properties": {
    "name": "Williams Pkwy",
    "kind": "minor"
   },
   "geometry": {
    "type": "LineString",
    "coordinates": [
     [
      -79.750871,
      43.716468
     ],
     [
      -79.750602,
      43.71665
     ]
    ]
   }
  },
  {
   "type": "Feature",
   "properties": {
    "name": "Kennedy Rd",
    "kind": "minor"
   },
   "geometry": {
    "type": "LineString",
    "coordinates": [
     [
      -79.705925,
      43.663176
     ],
     [
      -79.706378,
      43.663544
     ],
     [
      -79.706826,
      43.663944
     ],
     [
      -79.707227,
      43.664367
     ],
     [
      -79.707916,
      43.6651
     ],
     [
      -79.708216,
      43.665401
     ],
     [
      -79.709931,
      43.666726
     ],
     [
      -79.710585,
      43.667215
     ],
     [
      -79.711133,
      43.667609
     ],
     [
      -79.71649,
      43.671622
     ],
     [
      -79.717854,
      43.672618
     ]
    ]
   }
  },
  {
   "type": "Feature",
   "properties": {
    "name": "Bramalea Rd",
    "kind": "minor"
   },
   "geometry": {
    "type": "LineString",
    "coordinates": [
     [
      -79.737138,
      43.7392
     ],
     [
      -79.738397,
      43.74011
     ]
    ]
   }
  },
  {
   "type": "Feature",
   "properties": {
    "name": "Hurontario St",
    "kind": "major"
   },
   "geometry": {
    "type": "LineString",
    "coordinates": [
     [
      -79.71635,
      43.653499
     ],
     [
      -79.716707,
      43.653764
     ]
    ]
   }
  },
  {
   "type": "Feature",
   "properties": {
    "name": "Sandalwood Pkwy E",
    "kind": "major"
   },
   "geometry": {
    "type": "LineString",
    "coordinates": [
     [
      -79.733351,
      43.767935
     ],
     [
      -79.734132,
      43.767813
     ],
     [
      -79.734249,
      43.767778
     ]
    ]
   }
  },
  {
   "type": "Feature",
   "properties": {
    "name": "James Potter Rd",
    "kind": "minor"
   },
   "geometry": {
    "type": "LineString",
    "coordinates": [
     [
      -79.800453,
      43.672737
     ],
     [
      -79.801916,
      43.673857
     ],
     [
      -79.802368,
      43.674168
     ],
     [
      -79.802957,
      43.674449
     ]
    ]
   }
  },
  {
   "type": "Feature",
   "properties": {
    "name": "Main St N",
    "kind": "major"
   },
   "geometry": {
    "type": "LineString",
    "coordinates": [
     [
      -79.763008,
      43.688173
     ],
     [
      -79.764247,
      43.689116
     ]
    ]
   }
  },
  {
   "type": "Feature",
   "properties": {
    "name": "Countryside Dr",
    "kind": "minor"
   },
   "geometry": {
    "type": "LineString",
    "coordinates": [
     [
      -79.716649,
      43.811687
     ],
     [
      -79.713143,
      43.814807
     ]
    ]
   }
  },
  {
   "type": "Feature",
   "properties": {
    "name": "Hurontario St",
    "kind": "major"
   },
   "geometry": {
    "type": "LineString",
    "coordinates": [
     [
      -79.716169,
      43.653367
     ],
     [
      -79.716275,
      43.653449
     ]
    ]
   }
  },
  {
   "type": "Feature",
   "properties": {
    "name": "Queen St E",
    "kind": "major"
   },
   "geometry": {
    "type": "LineString",
    "coordinates": [
     [
      -79.737883,
      43.705983
     ],
     [
      -79.73821,
      43.7057
     ]
    ]
   }
  },
  {
   "type": "Feature",
   "properties": {
    "name": "Williams Pkwy",
    "kind": "minor"
   },
   "geometry": {
    "type": "LineString",
    "coordinates": [
     [
      -79.774528,
      43.700922
     ],
     [
      -79.773876,
      43.701519
     ]
    ]
   }
  },
  {
   "type": "Feature",
   "properties": {
    "name": "Hurontario St",
    "kind": "major"
   },
   "geometry": {
    "type": "LineString",
    "coordinates": [
     [
      -79.713638,
      43.651547
     ],
     [
      -79.715067,
      43.652562
     ]
    ]
   }
  },
  {
   "type": "Feature",
   "properties": {
    "name": "Hurontario St",
    "kind": "major"
   },
   "geometry": {
    "type": "LineString",
    "coordinates": [
     [
      -79.716275,
      43.653449
     ],
     [
      -79.71635,
      43.653499
     ]
    ]
   }
  },
  {
   "type": "Feature",
   "properties": {
    "name": "Goreway Dr",
    "kind": "minor"
   },
   "geometry": {
    "type": "LineString",
    "coordinates": [
     [
      -79.692029,
      43.758744
     ],
     [
      -79.695324,
      43.761222
     ],
     [
      -79.707113,
      43.769955
     ]
    ]
   }
  },
  {
   "type": "Feature",
   "properties": {
    "name": "Hurontario St",
    "kind": "major"
   },
   "geometry": {
    "type": "LineString",
    "coordinates": [
     [
      -79.716874,
      43.653883
     ],
     [
      -79.718025,
      43.654743
     ]
    ]
   }
  },
  {
   "type": "Feature",
   "properties": {
    "name": "Williams Pkwy",
    "kind": "minor"
   },
   "geometry": {
    "type": "LineString",
    "coordinates": [
     [
      -79.799285,
      43.683146
     ],
     [
      -79.80056,
      43.68288
     ],
     [
      -79.801036,
      43.682745
     ],
     [
      -79.80157,
      43.682494
     ],
     [
      -79.802373,
      43.681943
     ]
    ]
   }
  },
  {
   "type": "Feature",
   "properties": {
    "name": "Queen St E",
    "kind": "major"
   },
   "geometry": {
    "type": "LineString",
    "coordinates": [
     [
      -79.75995,
      43.685882
     ],
     [
      -79.759652,
      43.686167
     ]
    ]
   }
  },
  {
   "type": "Feature",
   "properties": {
    "name": "Bramalea Rd",
    "kind": "minor"
   },
   "geometry": {
    "type": "LineString",
    "coordinates": [
     [
      -79.721559,
      43.727574
     ],
     [
      -79.724513,
      43.729768
     ]
    ]
   }
  },
  {
   "type": "Feature",
   "properties": {
    "name": "Sandalwood Pkwy E",
    "kind": "major"
   },
   "geometry": {
    "type": "LineString",
    "coordinates": [
     [
      -79.753567,
      43.758914
     ],
     [
      -79.754423,
      43.757425
     ]
    ]
   }
  },
  {
   "type": "Feature",
   "properties": {
    "name": "Tomken Rd",
    "kind": "minor"
   },
   "geometry": {
    "type": "LineString",
    "coordinates": [
     [
      -79.700893,
      43.686049
     ],
     [
      -79.704743,
      43.689015
     ]
    ]
   }
  },
  {
   "type": "Feature",
   "properties": {
    "name": "Wanless Dr",
    "kind": "minor"
   },
   "geometry": {
    "type": "LineString",
    "coordinates": [
     [
      -79.827341,
      43.713271
     ],
     [
      -79.830021,
      43.710895
     ],
     [
      -79.833049,
      43.708161
     ]
    ]
   }
  },
  {
   "type": "Feature",
   "properties": {
    "name": "Cottrelle Blvd",
    "kind": "minor"
   },
   "geometry": {
    "type": "LineString",
    "coordinates": [
     [
      -79.673693,
      43.780003
     ],
     [
      -79.677363,
      43.776822
     ]
    ]
   }
  },
  {
   "type": "Feature",
   "properties": {
    "name": "James Potter Rd",
    "kind": "minor"
   },
   "geometry": {
    "type": "LineString",
    "coordinates": [
     [
      -79.761062,
      43.648082
     ],
     [
      -79.761464,
      43.648586
     ],
     [
      -79.761885,
      43.648878
     ]
    ]
   }
  },
  {
   "type": "Feature",
   "properties": {
    "name": "Wanless Dr",
    "kind": "minor"
   },
   "geometry": {
    "type": "LineString",
    "coordinates": [
     [
      -79.835311,
      43.706136
     ],
     [
      -79.83964,
      43.702106
     ]
    ]
   }
  },
  {
   "type": "Feature",
   "properties": {
    "name": "Wanless Dr",
    "kind": "minor"
   },
   "geometry": {
    "type": "LineString",
    "coordinates": [
     [
      -79.82168,
      43.718399
     ],
     [
      -79.82448,
      43.715813
     ]
    ]
   }
  },
  {
   "type": "Feature",
   "properties": {
    "name": "Kennedy Rd",
    "kind": "minor"
   },
   "geometry": {
    "type": "LineString",
    "coordinates": [
     [
      -79.796273,
      43.730335
     ],
     [
      -79.798773,
      43.73218
     ]
    ]
   }
  },
  {
   "type": "Feature",
   "properties": {
    "name": "Chinguacousy Rd",
    "kind": "major"
   },
   "geometry": {
    "type": "LineString",
    "coordinates": [
     [
      -79.822767,
      43.69686
     ],
     [
      -79.826503,
      43.699595
     ]
    ]
   }
  },
  {
   "type": "Feature",
   "properties": {
    "name": "Goreway Dr",
    "kind": "minor"
   },
   "geometry": {
    "type": "LineString",
    "coordinates": [
     [
      -79.6881,
      43.754957
     ],
     [
      -79.687837,
      43.755481
     ],
     [
      -79.692029,
      43.758744
     ]
    ]
   }
  },
  {
   "type": "Feature",
   "properties": {
    "name": "James Potter Rd",
    "kind": "minor"
   },
   "geometry": {
    "type": "LineString",
    "coordinates": [
     [
      -79.759699,
      43.645748
     ],
     [
      -79.760095,
      43.646108
     ],
     [
      -79.760406,
      43.646508
     ],
     [
      -79.76058,
      43.646874
     ]
    ]
   }
  },
  {
   "type": "Feature",
   "properties": {
    "name": "Hurontario St",
    "kind": "major"
   },
   "geometry": {
    "type": "LineString",
    "coordinates": [
     [
      -79.718025,
      43.654743
     ],
     [
      -79.720039,
      43.656215
     ]
    ]
   }
  },
  {
   "type": "Feature",
   "properties": {
    "name": "Humberwest Pkwy",
    "kind": "major"
   },
   "geometry": {
    "type": "LineString",
    "coordinates": [
     [
      -79.684495,
      43.753134
     ],
     [
      -79.68493,
      43.753485
     ],
     [
      -79.685585,
      43.753956
     ],
     [
      -79.68598,
      43.754211
     ],
     [
      -79.68642,
      43.754438
     ],
     [
      -79.686883,
      43.754602
     ],
     [
      -79.687507,
      43.754795
     ],
     [
      -79.6881,
      43.754957
     ]
    ]
   }
  },
  {
   "type": "Feature",
   "properties": {
    "name": "Sandalwood Pkwy E",
    "kind": "major"
   },
   "geometry": {
    "type": "LineString",
    "coordinates": [
     [
      -79.773909,
      43.741591
     ],
     [
      -79.76889,
      43.745185
     ]
    ]
   }
  },
  {
   "type": "Feature",
   "properties": {
    "name": "West Dr",
    "kind": "minor"
   },
   "geometry": {
    "type": "LineString",
    "coordinates": [
     [
      -79.709035,
      43.692278
     ],
     [
      -79.71296,
      43.695235
     ]
    ]
   }
  },
  {
   "type": "Feature",
   "properties": {
    "name": "Queen St E",
    "kind": "major"
   },
   "geometry": {
    "type": "LineString",
    "coordinates": [
     [
      -79.752593,
      43.692838
     ],
     [
      -79.751615,
      43.693723
     ]
    ]
   }
  },
  {
   "type": "Feature",
   "properties": {
    "name": "Hurontario St",
    "kind": "major"
   },
   "geometry": {
    "type": "LineString",
    "coordinates": [
     [
      -79.800575,
      43.715976
     ],
     [
      -79.803084,
      43.717828
     ]
    ]
   }
  },
  {
   "type": "Feature",
   "properties": {
    "name": "Williams Pkwy",
    "kind": "minor"
   },
   "geometry": {
    "type": "LineString",
    "coordinates": [
     [
      -79.730191,
      43.734004
     ],
     [
      -79.727734,
      43.736125
     ]
    ]
   }
  },
  {
   "type": "Feature",
   "properties": {
    "name": "Rutherford Rd S",
    "kind": "minor"
   },
   "geometry": {
    "type": "LineString",
    "coordinates": [
     [
      -79.742563,
      43.701795
     ],
     [
      -79.740623,
      43.700527
     ],
     [
      -79.739163,
      43.699435
     ]
    ]
   }
  },
  {
   "type": "Feature",
   "properties": {
    "name": "Tomken Rd",
    "kind": "minor"
   },
   "geometry": {
    "type": "LineString",
    "coordinates": [
     [
      -79.692274,
      43.671635
     ],
     [
      -79.692418,
      43.672343
     ],
     [
      -79.692356,
      43.673027
     ],
     [
      -79.692059,
      43.673762
     ],
     [
      -79.691378,
      43.674911
     ],
     [
      -79.690822,
      43.675936
     ],
     [
      -79.690499,
      43.676598
     ],
     [
      -79.690377,
      43.677385
     ],
     [
      -79.690485,
      43.677931
     ],
     [
      -79.690918,
      43.678683
     ],
     [
      -79.691854,
      43.679504
     ],
     [
      -79.693237,
      43.680483
     ]
    ]
   }
  },
  {
   "type": "Feature",
   "properties": {
    "name": "McLaughlin Rd N",
    "kind": "minor"
   },
   "geometry": {
    "type": "LineString",
    "coordinates": [
     [
      -79.821506,
      43.713608
     ],
     [
      -79.82448,
      43.715813
     ]
    ]
   }
  },
  {
   "type": "Feature",
   "properties": {
    "name": "Bramalea Rd",
    "kind": "minor"
   },
   "geometry": {
    "type": "LineString",
    "coordinates": [
     [
      -79.724513,
      43.729768
     ],
     [
      -79.730191,
      43.734004
     ]
    ]
   }
  },
  {
   "type": "Feature",
   "properties": {
    "name": "Main St N",
    "kind": "major"
   },
   "geometry": {
    "type": "LineString",
    "coordinates": [
     [
      -79.761637,
      43.687156
     ],
     [
      -79.762119,
      43.687512
     ]
    ]
   }
  },
  {
   "type": "Feature",
   "properties": {
    "name": "Kennedy Rd",
    "kind": "minor"
   },
   "geometry": {
    "type": "LineString",
    "coordinates": [
     [
      -79.798773,
      43.73218
     ],
     [
      -79.801764,
      43.734381
     ]
    ]
   }
  },
  {
   "type": "Feature",
   "properties": {
    "name": "Chinguacousy Rd",
    "kind": "major"
   },
   "geometry": {
    "type": "LineString",
    "coordinates": [
     [
      -79.817648,
      43.693084
     ],
     [
      -79.819064,
      43.694143
     ],
     [
      -79.822767,
      43.69686
     ]
    ]
   }
  },
  {
   "type": "Feature",
   "properties": {
    "name": "Williams Pkwy",
    "kind": "minor"
   },
   "geometry": {
    "type": "LineString",
    "coordinates": [
     [
      -79.757825,
      43.714216
     ],
     [
      -79.755967,
      43.714156
     ],
     [
      -79.755088,
      43.714196
     ],
     [
      -79.754455,
      43.714306
     ],
     [
      -79.753444,
      43.714695
     ],
     [
      -79.752873,
      43.715036
     ],
     [
      -79.752629,
      43.715209
     ]
    ]
   }
  },
  {
   "type": "Feature",
   "properties": {
    "name": "Chinguacousy Rd",
    "kind": "major"
   },
   "geometry": {
    "type": "LineString",
    "coordinates": [
     [
      -79.829186,
      43.701567
     ],
     [
      -79.832157,
      43.703786
     ]
    ]
   }
  },
  {
   "type": "Feature",
   "properties": {
    "name": "Torbram Rd",
    "kind": "minor"
   },
   "geometry": {
    "type": "LineString",
    "coordinates": [
     [
      -79.671566,
      43.708294
     ],
     [
      -79.674523,
      43.710503
     ],
     [
      -79.676016,
      43.711596
     ]
    ]
   }
  },
  {
   "type": "Feature",
   "properties": {
    "name": "James Potter Rd",
    "kind": "minor"
   },
   "geometry": {
    "type": "LineString",
    "coordinates": [
     [
      -79.765557,
      43.650949
     ],
     [
      -79.765976,
      43.651151
     ],
     [
      -79.766512,
      43.651474
     ],
     [
      -79.766884,
      43.651789
     ]
    ]
   }
  },
  {
   "type": "Feature",
   "properties": {
    "name": "Williams Pkwy",
    "kind": "minor"
   },
   "geometry": {
    "type": "LineString",
    "coordinates": [
     [
      -79.773876,
      43.701519
     ],
     [
      -79.772979,
      43.702337
     ],
     [
      -79.772293,
      43.703248
     ]
    ]
   }
  },
  {
   "type": "Feature",
   "properties": {
    "name": "Williams Pkwy",
    "kind": "minor"
   },
   "geometry": {
    "type": "LineString",
    "coordinates": [
     [
      -79.752629,
      43.715209
     ],
     [
      -79.752165,
      43.715523
     ]
    ]
   }
  },
  {
   "type": "Feature",
   "properties": {
    "name": "Main St N",
    "kind": "major"
   },
   "geometry": {
    "type": "LineString",
    "coordinates": [
     [
      -79.773924,
      43.696279
     ],
     [
      -79.777359,
      43.698823
     ]
    ]
   }
  },
  {
   "type": "Feature",
   "properties": {
    "name": "Sandalwood Pkwy E",
    "kind": "major"
   },
   "geometry": {
    "type": "LineString",
    "coordinates": [
     [
      -79.78074,
      43.736329
     ],
     [
      -79.779878,
      43.736981
     ]
    ]
   }
  },
  {
   "type": "Feature",
   "properties": {
    "name": "Main St N",
    "kind": "major"
   },
   "geometry": {
    "type": "LineString",
    "coordinates": [
     [
      -79.768006,
      43.69189
     ],
     [
      -79.769437,
      43.692957
     ]
    ]
   }
  },
  {
   "type": "Feature",
   "properties": {
    "name": "Queen St W",
    "kind": "major"
   },
   "geometry": {
    "type": "LineString",
    "coordinates": [
     [
      -79.75995,
      43.685882
     ],
     [
      -79.760879,
      43.685041
     ]
    ]
   }
  },
  {
   "type": "Feature",
   "properties": {
    "name": "Bramalea Rd",
    "kind": "minor"
   },
   "geometry": {
    "type": "LineString",
    "coordinates": [
     [
      -79.732571,
      43.735773
     ],
     [
      -79.737138,
      43.7392
     ]
    ]
   }
  },
  {
   "type": "Feature",
   "properties": {
    "name": "Williams Pkwy",
    "kind": "minor"
   },
   "geometry": {
    "type": "LineString",
    "coordinates": [
     [
      -79.742202,
      43.725422
     ],
     [
      -79.739785,
      43.727142
     ]
    ]
   }
  },
  {
   "type": "Feature",
   "properties": {
    "name": "Countryside Dr",
    "kind": "minor"
   },
   "geometry": {
    "type": "LineString",
    "coordinates": [
     [
      -79.755264,
      43.778779
     ],
     [
      -79.753872,
      43.779639
     ],
     [
      -79.753078,
      43.780142
     ],
     [
      -79.752312,
      43.780617
     ]
    ]
   }
  },
  {
   "type": "Feature",
   "properties": {
    "name": "Castlemore Rd",
    "kind": "major"
   },
   "geometry": {
    "type": "LineString",
    "coordinates": [
     [
      -79.718298,
      43.766613
     ],
     [
      -79.717741,
      43.767096
     ],
     [
      -79.716891,
      43.767806
     ],
     [
      -79.716729,
      43.767943
     ]
    ]
   }
  },
  {
   "type": "Feature",
   "properties": {
    "name": "Chinguacousy Rd",
    "kind": "major"
   },
   "geometry": {
    "type": "LineString",
    "coordinates": [
     [
      -79.826503,
      43.699595
     ],
     [
      -79.829186,
      43.701567
     ]
    ]
   }
  },
  {
   "type": "Feature",
   "properties": {
    "name": "Wanless Dr",
    "kind": "minor"
   },
   "geometry": {
    "type": "LineString",
    "coordinates": [
     [
      -79.814012,
      43.725811
     ],
     [
      -79.81604,
      43.723951
     ]
    ]
   }
  },
  {
   "type": "Feature",
   "properties": {
    "name": "Queen St E",
    "kind": "major"
   },
   "geometry": {
    "type": "LineString",
    "coordinates": [
     [
      -79.757313,
      43.688311
     ],
     [
      -79.756207,
      43.689316
     ]
    ]
   }
  },
  {
   "type": "Feature",
   "properties": {
    "name": "McLaughlin Rd S",
    "kind": "minor"
   },
   "geometry": {
    "type": "LineString",
    "coordinates": [
     [
      -79.749126,
      43.660274
     ],
     [
      -79.751411,
      43.661978
     ],
     [
      -79.752966,
      43.66308
     ],
     [
      -79.754208,
      43.66403
     ]
    ]
   }
  },
  {
   "type": "Feature",
   "properties": {
    "name": "Williams Pkwy",
    "kind": "minor"
   },
   "geometry": {
    "type": "LineString",
    "coordinates": [
     [
      -79.70037,
      43.760748
     ],
     [
      -79.699093,
      43.761855
     ]
    ]
   }
  },
  {
   "type": "Feature",
   "properties": {
    "name": "Williams Pkwy",
    "kind": "minor"
   },
   "geometry": {
    "type": "LineString",
    "coordinates": [
     [
      -79.777359,
      43.698823
     ],
     [
      -79.778863,
      43.697457
     ]
    ]
   }
  },
  {
   "type": "Feature",
   "properties": {
    "name": "Creditview Rd",
    "kind": "minor"
   },
   "geometry": {
    "type": "LineString",
    "coordinates": [
     [
      -79.840843,
      43.692689
     ],
     [
      -79.842687,
      43.694053
     ],
     [
      -79.843465,
      43.694655
     ],
     [
      -79.843848,
      43.694952
     ]
    ]
   }
  },
  {
   "type": "Feature",
   "properties": {
    "name": "Williams Pkwy",
    "kind": "minor"
   },
   "geometry": {
    "type": "LineString",
    "coordinates": [
     [
      -79.733685,
      43.730982
     ],
     [
      -79.730191,
      43.734004
     ]
    ]
   }
  },
  {
   "type": "Feature",
   "properties": {
    "name": "Main St S",
    "kind": "major"
   },
   "geometry": {
    "type": "LineString",
    "coordinates": [
     [
      -79.751462,
      43.679608
     ],
     [
      -79.749877,
      43.678438
     ],
     [
      -79.747498,
      43.676634
     ]
    ]
   }
  },
  {
   "type": "Feature",
   "properties": {
    "name": "Castlemore Rd",
    "kind": "major"
   },
   "geometry": {
    "type": "LineString",
    "coordinates": [
     [
      -79.720569,
      43.764794
     ],
     [
      -79.718864,
      43.766156
     ],
     [
      -79.718298,
      43.766613
     ]
    ]
   }
  },
  {
   "type": "Feature",
   "properties": {
    "name": "Clark Blvd",
    "kind": "major"
   },
   "geometry": {
    "type": "LineString",
    "coordinates": [
     [
      -79.7275,
      43.704357
     ],
     [
      -79.725018,
      43.706634
     ],
     [
      -79.724729,
      43.707148
     ]
    ]
   }
  },
  {
   "type": "Feature",
   "properties": {
    "name": "West Dr",
    "kind": "minor"
   },
   "geometry": {
    "type": "LineString",
    "coordinates": [
     [
      -79.717964,
      43.699397
     ],
     [
      -79.71854,
      43.699872
     ],
     [
      -79.719267,
      43.700366
     ],
     [
      -79.722074,
      43.701978
     ],
     [
      -79.72238,
      43.70217
     ]
    ]
   }
  },
  {
   "type": "Feature",
   "properties": {
    "name": "Williams Pkwy",
    "kind": "minor"
   },
   "geometry": {
    "type": "LineString",
    "coordinates": [
     [
      -79.752165,
      43.715523
     ],
     [
      -79.751851,
      43.71574
     ]
    ]
   }
  },
  {
   "type": "Feature",
   "properties": {
    "name": "McLaughlin Rd N",
    "kind": "minor"
   },
   "geometry": {
    "type": "LineString",
    "coordinates": [
     [
      -79.800152,
      43.697899
     ],
     [
      -79.80456,
      43.701182
     ]
    ]
   }
  },
  {
   "type": "Feature",
   "properties": {
    "name": "Sandalwood Pkwy E",
    "kind": "major"
   },
   "geometry": {
    "type": "LineString",
    "coordinates": [
     [
      -79.779878,
      43.736981
     ],
     [
      -79.778689,
      43.737883
     ]
    ]
   }
  },
  {
   "type": "Feature",
   "properties": {
    "name": "Kennedy Rd",
    "kind": "minor"
   },
   "geometry": {
    "type": "LineString",
    "coordinates": [
     [
      -79.78128,
      43.719331
     ],
     [
      -79.786144,
      43.722917
     ]
    ]
   }
  },
  {
   "type": "Feature",
   "properties": {
    "name": "McVean Dr",
    "kind": "minor"
   },
   "geometry": {
    "type": "LineString",
    "coordinates": [
     [
      -79.71793,
      43.795409
     ],
     [
      -79.722947,
      43.799129
     ]
    ]
   }
  },
  {
   "type": "Feature",
   "properties": {
    "name": "Queen St W",
    "kind": "major"
   },
   "geometry": {
    "type": "LineString",
    "coordinates": [
     [
      -79.763581,
      43.68259
     ],
     [
      -79.763778,
      43.682407
     ]
    ]
   }
  },
  {
   "type": "Feature",
   "properties": {
    "name": "Williams Pkwy",
    "kind": "minor"
   },
   "geometry": {
    "type": "LineString",
    "coordinates": [
     [
      -79.739785,
      43.727142
     ],
     [
      -79.738408,
      43.728126
     ],
     [
      -79.737944,
      43.728441
     ],
     [
      -79.737292,
      43.728776
     ]
    ]
   }
  },
  {
   "type": "Feature",
   "properties": {
    "name": "Main St S",
    "kind": "major"
   },
   "geometry": {
    "type": "LineString",
    "coordinates": [
     [
      -79.752359,
      43.680289
     ],
     [
      -79.751462,
      43.679608
     ]
    ]
   }
  },
  {
   "type": "Feature",
   "properties": {
    "name": "Williams Pkwy",
    "kind": "minor"
   },
   "geometry": {
    "type": "LineString",
    "coordinates": [
     [
      -79.766605,
      43.708432
     ],
     [
      -79.761243,
      43.713321
     ],
     [
      -79.76085,
      43.713587
     ]
    ]
   }
  },
  {
   "type": "Feature",
   "properties": {
    "name": "Sandalwood Pkwy E",
    "kind": "major"
   },
   "geometry": {
    "type": "LineString",
    "coordinates": [
     [
      -79.752338,
      43.76144
     ],
     [
      -79.75307,
      43.759751
     ],
     [
      -79.753567,
      43.758914
     ]
    ]
   }
  },
  {
   "type": "Feature",
   "properties": {
    "name": "Sandalwood Pkwy E",
    "kind": "major"
   },
   "geometry": {
    "type": "LineString",
    "coordinates": [
     [
      -79.750029,
      43.764184
     ],
     [
      -79.750507,
      43.763793
     ],
     [
      -79.751104,
      43.763241
     ],
     [
      -79.751274,
      43.763049
     ]
    ]
   }
  },
  {
   "type": "Feature",
   "properties": {
    "name": "Countryside Dr",
    "kind": "minor"
   },
   "geometry": {
    "type": "LineString",
    "coordinates": [
     [
      -79.734136,
      43.795999
     ],
     [
      -79.730551,
      43.79921
     ]
    ]
   }
  },
  {
   "type": "Feature",
   "properties": {
    "name": "Goreway Dr",
    "kind": "major"
   },
   "geometry": {
    "type": "LineString",
    "coordinates": [
     [
      -79.650239,
      43.727299
     ],
     [
      -79.654297,
      43.730354
     ]
    ]
   }
  },
  {
   "type": "Feature",
   "properties": {
    "name": "Sandalwood Pkwy W",
    "kind": "major"
   },
   "geometry": {
    "type": "LineString",
    "coordinates": [
     [
      -79.827058,
      43.695391
     ],
     [
      -79.827864,
      43.695144
     ],
     [
      -79.828312,
      43.694888
     ],
     [
      -79.829921,
      43.693422
     ]
    ]
   }
  },
  {
   "type": "Feature",
   "properties": {
    "name": "Bramalea Rd",
    "kind": "minor"
   },
   "geometry": {
    "type": "LineString",
    "coordinates": [
     [
      -79.705361,
      43.71543
     ],
     [
      -79.708527,
      43.717825
     ],
     [
      -79.711221,
      43.719823
     ]
    ]
   }
  },
  {
   "type": "Feature",
   "properties": {
    "name": "Sandalwood Pkwy E",
    "kind": "major"
   },
   "geometry": {
    "type": "LineString",
    "coordinates": [
     [
      -79.746889,
      43.766211
     ],
     [
      -79.747626,
      43.76589
     ],
     [
      -79.748081,
      43.765598
     ],
     [
      -79.748582,
      43.765212
     ]
    ]
   }
  },
  {
   "type": "Feature",
   "properties": {
    "name": "West Dr",
    "kind": "minor"
   },
   "geometry": {
    "type": "LineString",
    "coordinates": [
     [
      -79.7275,
      43.704357
     ],
     [
      -79.734437,
      43.709053
     ]
    ]
   }
  },
  {
   "type": "Feature",
   "properties": {
    "name": "Countryside Dr",
    "kind": "minor"
   },
   "geometry": {
    "type": "LineString",
    "coordinates": [
     [
      -79.770966,
      43.764217
     ],
     [
      -79.767811,
      43.766997
     ],
     [
      -79.7674,
      43.767461
     ],
     [
      -79.767008,
      43.768069
     ]
    ]
   }
  },
  {
   "type": "Feature",
   "properties": {
    "name": "Chinguacousy Rd",
    "kind": "major"
   },
   "geometry": {
    "type": "LineString",
    "coordinates": [
     [
      -79.813388,
      43.689897
     ],
     [
      -79.814848,
      43.690989
     ]
    ]
   }
  },
  {
   "type": "Feature",
   "properties": {
    "name": "Heritage Rd",
    "kind": "minor"
   },
   "geometry": {
    "type": "LineString",
    "coordinates": [
     [
      -79.866291,
      43.67669
     ],
     [
      -79.876532,
      43.684264
     ],
     [
      -79.877109,
      43.684707
     ]
    ]
   }
  },
  {
   "type": "Feature",
   "properties": {
    "name": "Main St S",
    "kind": "major"
   },
   "geometry": {
    "type": "LineString",
    "coordinates": [
     [
      -79.736897,
      43.668733
     ],
     [
      -79.735307,
      43.667586
     ]
    ]
   }
  },
  {
   "type": "Feature",
   "properties": {
    "name": "Goreway Dr",
    "kind": "minor"
   },
   "geometry": {
    "type": "LineString",
    "coordinates": [
     [
      -79.74506,
      43.797956
     ],
     [
      -79.745939,
      43.79865
     ],
     [
      -79.746669,
      43.79914
     ]
    ]
   }
  },
  {
   "type": "Feature",
   "properties": {
    "name": "Main St N",
    "kind": "major"
   },
   "geometry": {
    "type": "LineString",
    "coordinates": [
     [
      -79.767418,
      43.691454
     ],
     [
      -79.768006,
      43.69189
     ]
    ]
   }
  },
  {
   "type": "Feature",
   "properties": {
    "name": "Hurontario St",
    "kind": "major"
   },
   "geometry": {
    "type": "LineString",
    "coordinates": [
     [
      -79.792193,
      43.70978
     ],
     [
      -79.794357,
      43.711375
     ],
     [
      -79.795898,
      43.712526
     ]
    ]
   }
  },
  {
   "type": "Feature",
   "properties": {
    "name": "Sandalwood Pkwy E",
    "kind": "major"
   },
   "geometry": {
    "type": "LineString",
    "coordinates": [
     [
      -79.763707,
      43.74998
     ],
     [
      -79.762124,
      43.751094
     ],
     [
      -79.760863,
      43.751981
     ],
     [
      -79.759757,
      43.752557
     ]
    ]
   }
  },
  {
   "type": "Feature",
   "properties": {
    "name": "Countryside Dr",
    "kind": "minor"
   },
   "geometry": {
    "type": "LineString",
    "coordinates": [
     [
      -79.705872,
      43.82123
     ],
     [
      -79.694994,
      43.830826
     ]
    ]
   }
  },
  {
   "type": "Feature",
   "properties": {
    "name": "Torbram Rd",
    "kind": "minor"
   },
   "geometry": {
    "type": "LineString",
    "coordinates": [
     [
      -79.683734,
      43.717052
     ],
     [
      -79.685272,
      43.718109
     ],
     [
      -79.687398,
      43.719772
     ]
    ]
   }
  },
  {
   "type": "Feature",
   "properties": {
    "name": "Main St N",
    "kind": "major"
   },
   "geometry": {
    "type": "LineString",
    "coordinates": [
     [
      -79.76583,
      43.690308
     ],
     [
      -79.766185,
      43.69055
     ]
    ]
   }
  },
  {
   "type": "Feature",
   "properties": {
    "name": "Williams Pkwy",
    "kind": "minor"
   },
   "geometry": {
    "type": "LineString",
    "coordinates": [
     [
      -79.708876,
      43.753309
     ],
     [
      -79.708379,
      43.753704
     ],
     [
      -79.70713,
      43.754797
     ]
    ]
   }
  },
  {
   "type": "Feature",
   "properties": {
    "name": "Sandalwood Pkwy E",
    "kind": "major"
   },
   "geometry": {
    "type": "LineString",
    "coordinates": [
     [
      -79.734249,
      43.767778
     ],
     [
      -79.734745,
      43.767621
     ],
     [
      -79.737411,
      43.766701
     ]
    ]
   }
  },
  {
   "type": "Feature",
   "properties": {
    "name": "Countryside Dr",
    "kind": "minor"
   },
   "geometry": {
    "type": "LineString",
    "coordinates": [
     [
      -79.767008,
      43.768069
     ],
     [
      -79.766639,
      43.76892
     ],
     [
      -79.76642,
      43.76934
     ],
     [
      -79.766045,
      43.769814
     ],
     [
      -79.765349,
      43.77047
     ],
     [
      -79.764666,
      43.771103
     ],
     [
      -79.763685,
      43.77199
     ]
    ]
   }
  },
  {
   "type": "Feature",
   "properties": {
    "name": "Torbram Rd",
    "kind": "minor"
   },
   "geometry": {
    "type": "LineString",
    "coordinates": [
     [
      -79.717453,
      43.742069
     ],
     [
      -79.718742,
      43.743072
     ],
     [
      -79.720217,
      43.744171
     ]
    ]
   }
  },
  {
   "type": "Feature",
   "properties": {
    "name": "Creditview Rd",
    "kind": "minor"
   },
   "geometry": {
    "type": "LineString",
    "coordinates": [
     [
      -79.835561,
      43.688796
     ],
     [
      -79.838544,
      43.690998
     ]
    ]
   }
  },
  {
   "type": "Feature",
   "properties": {
    "name": "Sandalwood Pkwy W",
    "kind": "major"
   },
   "geometry": {
    "type": "LineString",
    "coordinates": [
     [
      -79.832776,
      43.691029
     ],
     [
      -79.833829,
      43.690073
     ],
     [
      -79.834335,
      43.689679
     ],
     [
      -79.835561,
      43.688796
     ]
    ]
   }
  },
  {
   "type": "Feature",
   "properties": {
    "name": "James Potter Rd",
    "kind": "minor"
   },
   "geometry": {
    "type": "LineString",
    "coordinates": [
     [
      -79.806228,
      43.674477
     ],
     [
      -79.807066,
      43.674319
     ],
     [
      -79.808429,
      43.674127
     ],
     [
      -79.809464,
      43.674
     ],
     [
      -79.80977,
      43.673972
     ]
    ]
   }
  },
  {
   "type": "Feature",
   "properties": {
    "name": "Torbram Rd",
    "kind": "minor"
   },
   "geometry": {
    "type": "LineString",
    "coordinates": [
     [
      -79.706733,
      43.734106
     ],
     [
      -79.709711,
      43.736265
     ]
    ]
   }
  },
  {
   "type": "Feature",
   "properties": {
    "name": "Countryside Dr",
    "kind": "minor"
   },
   "geometry": {
    "type": "LineString",
    "coordinates": [
     [
      -79.730551,
      43.79921
     ],
     [
      -79.727167,
      43.802238
     ]
    ]
   }
  },
  {
   "type": "Feature",
   "properties": {
    "name": "James Potter Rd",
    "kind": "minor"
   },
   "geometry": {
    "type": "LineString",
    "coordinates": [
     [
      -79.766884,
      43.651789
     ],
     [
      -79.767293,
      43.652238
     ],
     [
      -79.767686,
      43.652587
     ]
    ]
   }
  },
  {
   "type": "Feature",
   "properties": {
    "name": "McLaughlin Rd",
    "kind": "minor"
   },
   "geometry": {
    "type": "LineString",
    "coordinates": [
     [
      -79.72899,
      43.645591
     ],
     [
      -79.729347,
      43.645861
     ]
    ]
   }
  },
  {
   "type": "Feature",
   "properties": {
    "name": "Queen St E",
    "kind": "major"
   },
   "geometry": {
    "type": "LineString",
    "coordinates": [
     [
      -79.754763,
      43.690764
     ],
     [
      -79.754464,
      43.691102
     ],
     [
      -79.753697,
      43.691824
     ]
    ]
   }
  },
  {
   "type": "Feature",
   "properties": {
    "name": "Clark Blvd",
    "kind": "major"
   },
   "geometry": {
    "type": "LineString",
    "coordinates": [
     [
      -79.724729,
      43.707148
     ],
     [
      -79.724441,
      43.708757
     ],
     [
      -79.724218,
      43.709295
     ],
     [
      -79.724052,
      43.709531
     ]
    ]
   }
  },
  {
   "type": "Feature",
   "properties": {
    "name": "Main St S",
    "kind": "major"
   },
   "geometry": {
    "type": "LineString",
    "coordinates": [
     [
      -79.758297,
      43.684684
     ],
     [
      -79.757551,
      43.684113
     ]
    ]
   }
  },
  {
   "type": "Feature",
   "properties": {
    "name": "McLaughlin Rd S",
    "kind": "minor"
   },
   "geometry": {
    "type": "LineString",
    "coordinates": [
     [
      -79.758935,
      43.667498
     ],
     [
      -79.760306,
      43.668517
     ]
    ]
   }
  },
  {
   "type": "Feature",
   "properties": {
    "name": "Bramalea Rd",
    "kind": "minor"
   },
   "geometry": {
    "type": "LineString",
    "coordinates": [
     [
      -79.730191,
      43.734004
     ],
     [
      -79.732571,
      43.735773
     ]
    ]
   }
  },
  {
   "type": "Feature",
   "properties": {
    "name": "Williams Pkwy",
    "kind": "minor"
   },
   "geometry": {
    "type": "LineString",
    "coordinates": [
     [
      -79.784899,
      43.690553
     ],
     [
      -79.787325,
      43.68844
     ]
    ]
   }
  },
  {
   "type": "Feature",
   "properties": {
    "name": "Main St N",
    "kind": "major"
   },
   "geometry": {
    "type": "LineString",
    "coordinates": [
     [
      -79.766976,
      43.691127
     ],
     [
      -79.767418,
      43.691454
     ]
    ]
   }
  },
  {
   "type": "Feature",
   "properties": {
    "name": "James Potter Rd",
    "kind": "minor"
   },
   "geometry": {
    "type": "LineString",
    "coordinates": [
     [
      -79.763083,
      43.649683
     ],
     [
      -79.763891,
      43.650228
     ],
     [
      -79.763976,
      43.650269
     ]
    ]
   }
  },
  {
   "type": "Feature",
   "properties": {
    "name": "Kennedy Rd",
    "kind": "minor"
   },
   "geometry": {
    "type": "LineString",
    "coordinates": [
     [
      -79.717854,
      43.672618
     ],
     [
      -79.719144,
      43.673591
     ],
     [
      -79.719698,
      43.673935
     ],
     [
      -79.721305,
      43.674705
     ],
     [
      -79.721878,
      43.675058
     ],
     [
      -79.722657,
      43.675657
     ]
    ]
   }
  },
  {
   "type": "Feature",
   "properties": {
    "name": "Humberwest Pkwy",
    "kind": "major"
   },
   "geometry": {
    "type": "LineString",
    "coordinates": [
     [
      -79.710534,
      43.763889
     ],
     [
      -79.709103,
      43.763656
     ],
     [
      -79.70767,
      43.763649
     ],
     [
      -79.705982,
      43.76386
     ],
     [
      -79.705039,
      43.763804
     ],
     [
      -79.704068,
      43.763568
     ],
     [
      -79.699367,
      43.761966
     ],
     [
      -79.699093,
      43.761855
     ]
    ]
   }
  },
  {
   "type": "Feature",
   "properties": {
    "name": "Main St S",
    "kind": "major"
   },
   "geometry": {
    "type": "LineString",
    "coordinates": [
     [
      -79.735307,
      43.667586
     ],
     [
      -79.733195,
      43.666
     ]
    ]
   }
  },
  {
   "type": "Feature",
   "properties": {
    "name": "Castlemore Rd",
    "kind": "major"
   },
   "geometry": {
    "type": "LineString",
    "coordinates": [
     [
      -79.716729,
      43.767943
     ],
     [
      -79.71653,
      43.768137
     ],
     [
      -79.714915,
      43.769539
     ]
    ]
   }
  },
  {
   "type": "Feature",
   "properties": {
    "name": "Williams Pkwy",
    "kind": "minor"
   },
   "geometry": {
    "type": "LineString",
    "coordinates": [
     [
      -79.778863,
      43.697457
     ],
     [
      -79.779591,
      43.696768
     ],
     [
      -79.780033,
      43.696137
     ],
     [
      -79.780171,
      43.695783
     ]
    ]
   }
  },
  {
   "type": "Feature",
   "properties": {
    "name": "Sandalwood Pkwy E",
    "kind": "major"
   },
   "geometry": {
    "type": "LineString",
    "coordinates": [
     [
      -79.746035,
      43.766422
     ],
     [
      -79.746358,
      43.766385
     ],
     [
      -79.746889,
      43.766211
     ]
    ]
   }
  },
  {
   "type": "Feature",
   "properties": {
    "name": "Queen St E",
    "kind": "major"
   },
   "geometry": {
    "type": "LineString",
    "coordinates": [
     [
      -79.753697,
      43.691824
     ],
     [
      -79.753445,
      43.692055
     ]
    ]
   }
  },
  {
   "type": "Feature",
   "properties": {
    "name": "Queen St E",
    "kind": "major"
   },
   "geometry": {
    "type": "LineString",
    "coordinates": [
     [
      -79.755889,
      43.689606
     ],
     [
      -79.755126,
      43.690326
     ],
     [
      -79.754763,
      43.690764
     ]
    ]
   }
  },
  {
   "type": "Feature",
   "properties": {
    "name": "Bramalea Rd",
    "kind": "minor"
   },
   "geometry": {
    "type": "LineString",
    "coordinates": [
     [
      -79.677,
      43.694887
     ],
     [
      -79.678788,
      43.696218
     ]
    ]
   }
  },
  {
   "type": "Feature",
   "properties": {
    "name": "Tomken Rd",
    "kind": "minor"
   },
   "geometry": {
    "type": "LineString",
    "coordinates": [
     [
      -79.697341,
      43.683411
     ],
     [
      -79.699006,
      43.684583
     ],
     [
      -79.700893,
      43.686049
     ]
    ]
   }
  },
  {
   "type": "Feature",
   "properties": {
    "name": "Main St S",
    "kind": "major"
   },
   "geometry": {
    "type": "LineString",
    "coordinates": [
     [
      -79.759117,
      43.685292
     ],
     [
      -79.758297,
      43.684684
     ]
    ]
   }
  },
  {
   "type": "Feature",
   "properties": {
    "name": "Williams Pkwy",
    "kind": "minor"
   },
   "geometry": {
    "type": "LineString",
    "coordinates": [
     [
      -79.750602,
      43.71665
     ],
     [
      -79.747356,
      43.719707
     ],
     [
      -79.746814,
      43.720304
     ]
    ]
   }
  },
  {
   "type": "Feature",
   "properties": {
    "name": "James Potter Rd",
    "kind": "minor"
   },
   "geometry": {
    "type": "LineString",
    "coordinates": [
     [
      -79.764723,
      43.65062
     ],
     [
      -79.76505,
      43.650758
     ],
     [
      -79.765557,
      43.650949
     ]
    ]
   }
  },
  {
   "type": "Feature",
   "properties": {
    "name": "James Potter Rd",
    "kind": "minor"
   },
   "geometry": {
    "type": "LineString",
    "coordinates": [
     [
      -79.763976,
      43.650269
     ],
     [
      -79.76437,
      43.650467
     ],
     [
      -79.764723,
      43.65062
     ]
    ]
   }
  },
  {
   "type": "Feature",
   "properties": {
    "name": "Bramalea Rd",
    "kind": "minor"
   },
   "geometry": {
    "type": "LineString",
    "coordinates": [
     [
      -79.715698,
      43.72316
     ],
     [
      -79.71652,
      43.723781
     ]
    ]
   }
  },
  {
   "type": "Feature",
   "properties": {
    "name": "Heart Lake Rd",
    "kind": "minor"
   },
   "geometry": {
    "type": "LineString",
    "coordinates": [
     [
      -79.778425,
      43.734598
     ],
     [
      -79.778968,
      43.735027
     ],
     [
      -79.779959,
      43.735767
     ],
     [
      -79.78074,
      43.736329
     ]
    ]
   }
  },
  {
   "type": "Feature",
   "properties": {
    "name": "Kennedy Rd",
    "kind": "minor"
   },
   "geometry": {
    "type": "LineString",
    "coordinates": [
     [
      -79.790201,
      43.725881
     ],
     [
      -79.790927,
      43.726393
     ],
     [
      -79.793325,
      43.728201
     ]
    ]
   }
  },
  {
   "type": "Feature",
   "properties": {
    "name": "Goreway Dr",
    "kind": "major"
   },
   "geometry": {
    "type": "LineString",
    "coordinates": [
     [
      -79.654297,
      43.730354
     ],
     [
      -79.658159,
      43.733227
     ]
    ]
   }
  },
  {
   "type": "Feature",
   "properties": {
    "name": "Sandalwood Pkwy E",
    "kind": "major"
   },
   "geometry": {
    "type": "LineString",
    "coordinates": [
     [
      -79.788227,
      43.731393
     ],
     [
      -79.787252,
      43.731923
     ],
     [
      -79.785673,
      43.733379
     ],
     [
      -79.785392,
      43.733614
     ]
    ]
   }
  },
  {
   "type": "Feature",
   "properties": {
    "name": "McVean Dr",
    "kind": "minor"
   },
   "geometry": {
    "type": "LineString",
    "coordinates": [
     [
      -79.673914,
      43.76256
     ],
     [
      -79.674332,
      43.762844
     ],
     [
      -79.67699,
      43.764832
     ]
    ]
   }
  },
  {
   "type": "Feature",
   "properties": {
    "name": "McVean Dr",
    "kind": "minor"
   },
   "geometry": {
    "type": "LineString",
    "coordinates": [
     [
      -79.67699,
      43.764832
     ],
     [
      -79.682658,
      43.769023
     ]
    ]
   }
  },
  {
   "type": "Feature",
   "properties": {
    "name": "Torbram Rd",
    "kind": "minor"
   },
   "geometry": {
    "type": "LineString",
    "coordinates": [
     [
      -79.730787,
      43.75205
     ],
     [
      -79.733964,
      43.754413
     ]
    ]
   }
  },
  {
   "type": "Feature",
   "properties": {
    "name": "Central Park Dr",
    "kind": "minor"
   },
   "geometry": {
    "type": "LineString",
    "coordinates": [
     [
      -79.717401,
      43.717893
     ],
     [
      -79.720588,
      43.719735
     ]
    ]
   }
  },
  {
   "type": "Feature",
   "properties": {
    "name": "Bramalea Rd",
    "kind": "minor"
   },
   "geometry": {
    "type": "LineString",
    "coordinates": [
     [
      -79.71363,
      43.721601
     ],
     [
      -79.714932,
      43.722606
     ]
    ]
   }
  },
  {
   "type": "Feature",
   "properties": {
    "name": "Williams Pkwy",
    "kind": "minor"
   },
   "geometry": {
    "type": "LineString",
    "coordinates": [
     [
      -79.805336,
      43.67183
     ],
     [
      -79.805162,
      43.671072
     ],
     [
      -79.805202,
      43.670281
     ],
     [
      -79.805518,
      43.669661
     ],
     [
      -79.806227,
      43.668939
     ],
     [
      -79.806485,
      43.668702
     ]
    ]
   }
  },
  {
   "type": "Feature",
   "properties": {
    "name": "Sandalwood Pkwy E",
    "kind": "major"
   },
   "geometry": {
    "type": "LineString",
    "coordinates": [
     [
      -79.76889,
      43.745185
     ],
     [
      -79.768413,
      43.745509
     ],
     [
      -79.767982,
      43.745886
     ],
     [
      -79.767583,
      43.746407
     ]
    ]
   }
  },
  {
   "type": "Feature",
   "properties": {
    "name": "Sandalwood Pkwy W",
    "kind": "major"
   },
   "geometry": {
    "type": "LineString",
    "coordinates": [
     [
      -79.822767,
      43.69686
     ],
     [
      -79.823508,
      43.696359
     ],
     [
      -79.824004,
      43.696125
     ],
     [
      -79.824478,
      43.695928
     ],
     [
      -79.825026,
      43.695749
     ],
     [
      -79.82523,
      43.69571
     ]
    ]
   }
  },
  {
   "type": "Feature",
   "properties": {
    "name": "Clark Blvd",
    "kind": "major"
   },
   "geometry": {
    "type": "LineString",
    "coordinates": [
     [
      -79.724052,
      43.709531
     ],
     [
      -79.72338,
      43.710195
     ],
     [
      -79.722826,
      43.7106
     ],
     [
      -79.722622,
      43.710743
     ]
    ]
   }
  },
  {
   "type": "Feature",
   "properties": {
    "name": "Kennedy Rd",
    "kind": "minor"
   },
   "geometry": {
    "type": "LineString",
    "coordinates": [
     [
      -79.812381,
      43.742123
     ],
     [
      -79.814438,
      43.743657
     ]
    ]
   }
  },
  {
   "type": "Feature",
   "properties": {
    "name": "Williams Pkwy",
    "kind": "minor"
   },
   "geometry": {
    "type": "LineString",
    "coordinates": [
     [
      -79.737292,
      43.728776
     ],
     [
      -79.735331,
      43.729789
     ],
     [
      -79.73459,
      43.730213
     ],
     [
      -79.733685,
      43.730982
     ]
    ]
   }
  },
  {
   "type": "Feature",
   "properties": {
    "name": "McLaughlin Rd",
    "kind": "minor"
   },
   "geometry": {
    "type": "LineString",
    "coordinates": [
     [
      -79.740337,
      43.654009
     ],
     [
      -79.742081,
      43.655334
     ],
     [
      -79.743744,
      43.656424
     ]
    ]
   }
  },
  {
   "type": "Feature",
   "properties": {
    "name": "Goreway Dr",
    "kind": "minor"
   },
   "geometry": {
    "type": "LineString",
    "coordinates": [
     [
      -79.728935,
      43.786028
     ],
     [
      -79.73051,
      43.78718
     ],
     [
      -79.730992,
      43.78751
     ],
     [
      -79.731511,
      43.787934
     ]
    ]
   }
  },
  {
   "type": "Feature",
   "properties": {
    "name": "Cottrelle Blvd",
    "kind": "minor"
   },
   "geometry": {
    "type": "LineString",
    "coordinates": [
     [
      -79.673693,
      43.780003
     ],
     [
      -79.671293,
      43.782073
     ]
    ]
   }
  },
  {
   "type": "Feature",
   "properties": {
    "name": "Creditview Rd",
    "kind": "minor"
   },
   "geometry": {
    "type": "LineString",
    "coordinates": [
     [
      -79.843848,
      43.694952
     ],
     [
      -79.846055,
      43.696618
     ]
    ]
   }
  },
  {
   "type": "Feature",
   "properties": {
    "name": "Bramalea Rd",
    "kind": "minor"
   },
   "geometry": {
    "type": "LineString",
    "coordinates": [
     [
      -79.744191,
      43.744388
     ],
     [
      -79.747083,
      43.746535
     ]
    ]
   }
  },
  {
   "type": "Feature",
   "properties": {
    "name": "Chinguacousy Rd",
    "kind": "major"
   },
   "geometry": {
    "type": "LineString",
    "coordinates": [
     [
      -79.802373,
      43.681943
     ],
     [
      -79.803245,
      43.682479
     ],
     [
      -79.805505,
      43.684102
     ]
    ]
   }
  },
  {
   "type": "Feature",
   "properties": {
    "name": "Bramalea Rd",
    "kind": "minor"
   },
   "geometry": {
    "type": "LineString",
    "coordinates": [
     [
      -79.717428,
      43.724489
     ],
     [
      -79.721559,
      43.727574
     ]
    ]
   }
  },
  {
   "type": "Feature",
   "properties": {
    "name": "Williams Pkwy",
    "kind": "minor"
   },
   "geometry": {
    "type": "LineString",
    "coordinates": [
     [
      -79.806485,
      43.668702
     ],
     [
      -79.807366,
      43.667906
     ]
    ]
   }
  },
  {
   "type": "Feature",
   "properties": {
    "name": "Williams Pkwy",
    "kind": "minor"
   },
   "geometry": {
    "type": "LineString",
    "coordinates": [
     [
      -79.723085,
      43.741133
     ],
     [
      -79.721807,
      43.74283
     ],
     [
      -79.721359,
      43.743263
     ],
     [
      -79.720217,
      43.744171
     ]
    ]
   }
  },
  {
   "type": "Feature",
   "properties": {
    "name": "Queen St W",
    "kind": "major"
   },
   "geometry": {
    "type": "LineString",
    "coordinates": [
     [
      -79.763086,
      43.683021
     ],
     [
      -79.763581,
      43.68259
     ]
    ]
   }
  },
  {
   "type": "Feature",
   "properties": {
    "name": "Queen St E",
    "kind": "major"
   },
   "geometry": {
    "type": "LineString",
    "coordinates": [
     [
      -79.739546,
      43.704499
     ],
     [
      -79.738826,
      43.705135
     ]
    ]
   }
  },
  {
   "type": "Feature",
   "properties": {
    "name": "Williams Pkwy",
    "kind": "minor"
   },
   "geometry": {
    "type": "LineString",
    "coordinates": [
     [
      -79.717762,
      43.746309
     ],
     [
      -79.715141,
      43.748508
     ],
     [
      -79.714692,
      43.74885
     ]
    ]
   }
  },
  {
   "type": "Feature",
   "properties": {
    "name": "McLaughlin Rd S",
    "kind": "minor"
   },
   "geometry": {
    "type": "LineString",
    "coordinates": [
     [
      -79.760306,
      43.668517
     ],
     [
      -79.76402,
      43.671245
     ]
    ]
   }
  },
  {
   "type": "Feature",
   "properties": {
    "name": "McLaughlin Rd S",
    "kind": "minor"
   },
   "geometry": {
    "type": "LineString",
    "coordinates": [
     [
      -79.76402,
      43.671245
     ],
     [
      -79.765964,
      43.672675
     ]
    ]
   }
  },
  {
   "type": "Feature",
   "properties": {
    "name": "Castlemore Rd",
    "kind": "major"
   },
   "geometry": {
    "type": "LineString",
    "coordinates": [
     [
      -79.714915,
      43.769539
     ],
     [
      -79.713259,
      43.77101
     ],
     [
      -79.71109,
      43.772899
     ]
    ]
   }
  },
  {
   "type": "Feature",
   "properties": {
    "name": "Williams Pkwy",
    "kind": "minor"
   },
   "geometry": {
    "type": "LineString",
    "coordinates": [
     [
      -79.777359,
      43.698823
     ],
     [
      -79.776472,
      43.69953
     ],
     [
      -79.77501,
      43.700545
     ],
     [
      -79.774528,
      43.700922
     ]
    ]
   }
  },
  {
   "type": "Feature",
   "properties": {
    "name": "West Dr",
    "kind": "minor"
   },
   "geometry": {
    "type": "LineString",
    "coordinates": [
     [
      -79.706502,
      43.69039
     ],
     [
      -79.708399,
      43.691804
     ],
     [
      -79.709035,
      43.692278
     ]
    ]
   }
  },
  {
   "type": "Feature",
   "properties": {
    "name": "Williams Pkwy",
    "kind": "minor"
   },
   "geometry": {
    "type": "LineString",
    "coordinates": [
     [
      -79.751286,
      43.716148
     ],
     [
      -79.750871,
      43.716468
     ]
    ]
   }
  },
  {
   "type": "Feature",
   "properties": {
    "name": "Williams Pkwy",
    "kind": "minor"
   },
   "geometry": {
    "type": "LineString",
    "coordinates": [
     [
      -79.727734,
      43.736125
     ],
     [
      -79.726357,
      43.737447
     ],
     [
      -79.725306,
      43.738578
     ]
    ]
   }
  },
  {
   "type": "Feature",
   "properties": {
    "name": "Williams Pkwy",
    "kind": "minor"
   },
   "geometry": {
    "type": "LineString",
    "coordinates": [
     [
      -79.725306,
      43.738578
     ],
     [
      -79.723085,
      43.741133
     ]
    ]
   }
  },
  {
   "type": "Feature",
   "properties": {
    "name": "Main St N",
    "kind": "major"
   },
   "geometry": {
    "type": "LineString",
    "coordinates": [
     [
      -79.777359,
      43.698823
     ],
     [
      -79.780093,
      43.700838
     ]
    ]
   }
  },
  {
   "type": "Feature",
   "properties": {
    "name": "Main St S",
    "kind": "major"
   },
   "geometry": {
    "type": "LineString",
    "coordinates": [
     [
      -79.753707,
      43.681289
     ],
     [
      -79.753488,
      43.681129
     ]
    ]
   }
  },
  {
   "type": "Feature",
   "properties": {
    "name": "Goreway Dr",
    "kind": "major"
   },
   "geometry": {
    "type": "LineString",
    "coordinates": [
     [
      -79.660995,
      43.735376
     ],
     [
      -79.661279,
      43.735591
     ]
    ]
   }
  },
  {
   "type": "Feature",
   "properties": {
    "name": "Bramalea Rd",
    "kind": "minor"
   },
   "geometry": {
    "type": "LineString",
    "coordinates": [
     [
      -79.757389,
      43.754124
     ],
     [
      -79.757814,
      43.754445
     ],
     [
      -79.758951,
      43.755349
     ],
     [
      -79.761546,
      43.757277
     ]
    ]
   }
  },
  {
   "type": "Feature",
   "properties": {
    "name": "Sandalwood Pkwy E",
    "kind": "major"
   },
   "geometry": {
    "type": "LineString",
    "coordinates": [
     [
      -79.785392,
      43.733614
     ],
     [
      -79.784812,
      43.73413
     ],
     [
      -79.784097,
      43.734582
     ],
     [
      -79.782833,
      43.73501
     ],
     [
      -79.781998,
      43.735464
     ],
     [
      -79.78074,
      43.736329
     ]
    ]
   }
  },
  {
   "type": "Feature",
   "properties": {
    "name": "Queen St E",
    "kind": "major"
   },
   "geometry": {
    "type": "LineString",
    "coordinates": [
     [
      -79.738826,
      43.705135
     ],
     [
      -79.738489,
      43.705455
     ]
    ]
   }
  },
  {
   "type": "Feature",
   "properties": {
    "name": "Queen St W",
    "kind": "major"
   },
   "geometry": {
    "type": "LineString",
    "coordinates": [
     [
      -79.761742,
      43.684244
     ],
     [
      -79.761973,
      43.684031
     ]
    ]
   }
  },
  {
   "type": "Feature",
   "properties": {
    "name": "Chinguacousy Rd",
    "kind": "major"
   },
   "geometry": {
    "type": "LineString",
    "coordinates": [
     [
      -79.795139,
      43.676516
     ],
     [
      -79.796416,
      43.677596
     ],
     [
      -79.797413,
      43.678472
     ],
     [
      -79.798068,
      43.679051
     ],
     [
      -79.798529,
      43.679442
     ],
     [
      -79.79957,
      43.680238
     ],
     [
      -79.800328,
      43.680759
     ],
     [
      -79.801554,
      43.681482
     ],
     [
      -79.802373,
      43.681943
     ]
    ]
   }
  },
  {
   "type": "Feature",
   "properties": {
    "name": "Bramalea Rd",
    "kind": "minor"
   },
   "geometry": {
    "type": "LineString",
    "coordinates": [
     [
      -79.690522,
      43.704916
     ],
     [
      -79.691151,
      43.705139
     ],
     [
      -79.691874,
      43.705444
     ],
     [
      -79.692602,
      43.70593
     ]
    ]
   }
  },
  {
   "type": "Feature",
   "properties": {
    "name": "Queen St E",
    "kind": "major"
   },
   "geometry": {
    "type": "LineString",
    "coordinates": [
     [
      -79.756207,
      43.689316
     ],
     [
      -79.755889,
      43.689606
     ]
    ]
   }
  },
  {
   "type": "Feature",
   "properties": {
    "name": "James Potter Rd",
    "kind": "minor"
   },
   "geometry": {
    "type": "LineString",
    "coordinates": [
     [
      -79.761885,
      43.648878
     ],
     [
      -79.763083,
      43.649683
     ]
    ]
   }
  },
  {
   "type": "Feature",
   "properties": {
    "name": "Kennedy Rd",
    "kind": "minor"
   },
   "geometry": {
    "type": "LineString",
    "coordinates": [
     [
      -79.803661,
      43.735756
     ],
     [
      -79.805897,
      43.737387
     ]
    ]
   }
  },
  {
   "type": "Feature",
   "properties": {
    "name": "Goreway Dr",
    "kind": "major"
   },
   "geometry": {
    "type": "LineString",
    "coordinates": [
     [
      -79.658159,
      43.733227
     ],
     [
      -79.658423,
      43.733428
     ]
    ]
   }
  },
  {
   "type": "Feature",
   "properties": {
    "name": "Sandalwood Pkwy W",
    "kind": "major"
   },
   "geometry": {
    "type": "LineString",
    "coordinates": [
     [
      -79.810206,
      43.709596
     ],
     [
      -79.810296,
      43.708463
     ],
     [
      -79.81063,
      43.707769
     ],
     [
      -79.811124,
      43.707238
     ],
     [
      -79.81194,
      43.706643
     ]
    ]
   }
  },
  {
   "type": "Feature",
   "properties": {
    "name": "McLaughlin Rd N",
    "kind": "minor"
   },
   "geometry": {
    "type": "LineString",
    "coordinates": [
     [
      -79.772797,
      43.677696
     ],
     [
      -79.773245,
      43.678021
     ]
    ]
   }
  },
  {
   "type": "Feature",
   "properties": {
    "name": "Kennedy Rd",
    "kind": "minor"
   },
   "geometry": {
    "type": "LineString",
    "coordinates": [
     [
      -79.805897,
      43.737387
     ],
     [
      -79.807371,
      43.738474
     ]
    ]
   }
  },
  {
   "type": "Feature",
   "properties": {
    "name": "Goreway Dr",
    "kind": "minor"
   },
   "geometry": {
    "type": "LineString",
    "coordinates": [
     [
      -79.725788,
      43.783706
     ],
     [
      -79.728935,
      43.786028
     ]
    ]
   }
  },
  {
   "type": "Feature",
   "properties": {
    "name": "McLaughlin Rd N",
    "kind": "minor"
   },
   "geometry": {
    "type": "LineString",
    "coordinates": [
     [
      -79.773245,
      43.678021
     ],
     [
      -79.774092,
      43.678651
     ]
    ]
   }
  },
  {
   "type": "Feature",
   "properties": {
    "name": "Countryside Dr",
    "kind": "minor"
   },
   "geometry": {
    "type": "LineString",
    "coordinates": [
     [
      -79.737916,
      43.792606
     ],
     [
      -79.734136,
      43.795999
     ]
    ]
   }
  },
  {
   "type": "Feature",
   "properties": {
    "name": "Torbram Rd",
    "kind": "minor"
   },
   "geometry": {
    "type": "LineString",
    "coordinates": [
     [
      -79.761,
      43.77436
     ],
     [
      -79.77188,
      43.782406
     ]
    ]
   }
  },
  {
   "type": "Feature",
   "properties": {
    "name": "Heritage Rd",
    "kind": "minor"
   },
   "geometry": {
    "type": "LineString",
    "coordinates": [
     [
      -79.839651,
      43.656943
     ],
     [
      -79.866291,
      43.67669
     ]
    ]
   }
  },
  {
   "type": "Feature",
   "properties": {
    "name": "McLaughlin Rd S",
    "kind": "minor"
   },
   "geometry": {
    "type": "LineString",
    "coordinates": [
     [
      -79.765964,
      43.672675
     ],
     [
      -79.768112,
      43.674233
     ]
    ]
   }
  },
  {
   "type": "Feature",
   "properties": {
    "name": "West Dr",
    "kind": "minor"
   },
   "geometry": {
    "type": "LineString",
    "coordinates": [
     [
      -79.71296,
      43.695235
     ],
     [
      -79.71465,
      43.696807
     ],
     [
      -79.714981,
      43.697094
     ],
     [
      -79.717964,
      43.699397
     ]
    ]
   }
  },
  {
   "type": "Feature",
   "properties": {
    "name": "Queen St E",
    "kind": "major"
   },
   "geometry": {
    "type": "LineString",
    "coordinates": [
     [
      -79.749491,
      43.695636
     ],
     [
      -79.747497,
      43.697424
     ],
     [
      -79.74585,
      43.698873
     ]
    ]
   }
  },
  {
   "type": "Feature",
   "properties": {
    "name": "Chinguacousy Rd",
    "kind": "major"
   },
   "geometry": {
    "type": "LineString",
    "coordinates": [
     [
      -79.808502,
      43.686286
     ],
     [
      -79.810069,
      43.687477
     ]
    ]
   }
  },
  {
   "type": "Feature",
   "properties": {
    "name": "McLaughlin Rd S",
    "kind": "minor"
   },
   "geometry": {
    "type": "LineString",
    "coordinates": [
     [
      -79.754208,
      43.66403
     ],
     [
      -79.755904,
      43.665268
     ]
    ]
   }
  },
  {
   "type": "Feature",
   "properties": {
    "name": "Queen St W",
    "kind": "major"
   },
   "geometry": {
    "type": "LineString",
    "coordinates": [
     [
      -79.763778,
      43.682407
     ],
     [
      -79.76446,
      43.681784
     ]
    ]
   }
  },
  {
   "type": "Feature",
   "properties": {
    "name": "Heart Lake Rd",
    "kind": "minor"
   },
   "geometry": {
    "type": "LineString",
    "coordinates": [
     [
      -79.787479,
      43.74124
     ],
     [
      -79.791162,
      43.743971
     ],
     [
      -79.792379,
      43.744893
     ]
    ]
   }
  },
  {
   "type": "Feature",
   "properties": {
    "name": "Williams Pkwy",
    "kind": "minor"
   },
   "geometry": {
    "type": "LineString",
    "coordinates": [
     [
      -79.794298,
      43.682991
     ],
     [
      -79.796819,
      43.683345
     ],
     [
      -79.797878,
      43.683383
     ],
     [
      -79.799285,
      43.683146
     ]
    ]
   }
  },
  {
   "type": "Feature",
   "properties": {
    "name": "Cottrelle Blvd",
    "kind": "minor"
   },
   "geometry": {
    "type": "LineString",
    "coordinates": [
     [
      -79.671293,
      43.782073
     ],
     [
      -79.670664,
      43.782587
     ],
     [
      -79.670286,
      43.782822
     ],
     [
      -79.669785,
      43.783072
     ],
     [
      -79.669049,
      43.783338
     ],
     [
      -79.668079,
      43.783548
     ],
     [
      -79.667002,
      43.78364
     ],
     [
      -79.663491,
      43.783833
     ]
    ]
   }
  },
  {
   "type": "Feature",
   "properties": {
    "name": "Main St N",
    "kind": "major"
   },
   "geometry": {
    "type": "LineString",
    "coordinates": [
     [
      -79.762119,
      43.687512
     ],
     [
      -79.763008,
      43.688173
     ]
    ]
   }
  },
  {
   "type": "Feature",
   "properties": {
    "name": "Countryside Dr",
    "kind": "minor"
   },
   "geometry": {
    "type": "LineString",
    "coordinates": [
     [
      -79.694994,
      43.830826
     ],
     [
      -79.68872,
      43.836679
     ]
    ]
   }
  },
  {
   "type": "Feature",
   "properties": {
    "name": "McLaughlin Rd N",
    "kind": "minor"
   },
   "geometry": {
    "type": "LineString",
    "coordinates": [
     [
      -79.770649,
      43.676106
     ],
     [
      -79.772381,
      43.677386
     ]
    ]
   }
  },
  {
   "type": "Feature",
   "properties": {
    "name": "Kennedy Rd",
    "kind": "minor"
   },
   "geometry": {
    "type": "LineString",
    "coordinates": [
     [
      -79.801764,
      43.734381
     ],
     [
      -79.803661,
      43.735756
     ]
    ]
   }
  },
  {
   "type": "Feature",
   "properties": {
    "name": "Goreway Dr",
    "kind": "major"
   },
   "geometry": {
    "type": "LineString",
    "coordinates": [
     [
      -79.666353,
      43.739432
     ],
     [
      -79.669489,
      43.741836
     ],
     [
      -79.671506,
      43.743332
     ],
     [
      -79.673508,
      43.74489
     ]
    ]
   }
  },
  {
   "type": "Feature",
   "properties": {
    "name": "McVean Dr",
    "kind": "minor"
   },
   "geometry": {
    "type": "LineString",
    "coordinates": [
     [
      -79.709289,
      43.789009
     ],
     [
      -79.711172,
      43.790385
     ],
     [
      -79.715091,
      43.793298
     ],
     [
      -79.71793,
      43.795409
     ]
    ]
   }
  },
  {
   "type": "Feature",
   "properties": {
    "name": "Chinguacousy Rd",
    "kind": "major"
   },
   "geometry": {
    "type": "LineString",
    "coordinates": [
     [
      -79.805505,
      43.684102
     ],
     [
      -79.808502,
      43.686286
     ]
    ]
   }
  },
  {
   "type": "Feature",
   "properties": {
    "name": "McLaughlin Rd",
    "kind": "minor"
   },
   "geometry": {
    "type": "LineString",
    "coordinates": [
     [
      -79.732051,
      43.64789
     ],
     [
      -79.736326,
      43.651061
     ]
    ]
   }
  },
  {
   "type": "Feature",
   "properties": {
    "name": "McLaughlin Rd",
    "kind": "minor"
   },
   "geometry": {
    "type": "LineString",
    "coordinates": [
     [
      -79.736326,
      43.651061
     ],
     [
      -79.740337,
      43.654009
     ]
    ]
   }
  },
  {
   "type": "Feature",
   "properties": {
    "name": "Rutherford Rd S",
    "kind": "minor"
   },
   "geometry": {
    "type": "LineString",
    "coordinates": [
     [
      -79.719558,
      43.682249
     ],
     [
      -79.717593,
      43.680827
     ],
     [
      -79.717226,
      43.680574
     ]
    ]
   }
  },
  {
   "type": "Feature",
   "properties": {
    "name": "Wanless Dr",
    "kind": "minor"
   },
   "geometry": {
    "type": "LineString",
    "coordinates": [
     [
      -79.856442,
      43.686699
     ],
     [
      -79.860859,
      43.682615
     ],
     [
      -79.861243,
      43.682105
     ],
     [
      -79.861606,
      43.681271
     ],
     [
      -79.861999,
      43.68074
     ],
     [
      -79.866291,
      43.67669
     ]
    ]
   }
  },
  {
   "type": "Feature",
   "properties": {
    "name": "James Potter Rd",
    "kind": "minor"
   },
   "geometry": {
    "type": "LineString",
    "coordinates": [
     [
      -79.76058,
      43.646874
     ],
     [
      -79.760614,
      43.646974
     ],
     [
      -79.76066,
      43.647123
     ]
    ]
   }
  },
  {
   "type": "Feature",
   "properties": {
    "name": "Sandalwood Pkwy E",
    "kind": "major"
   },
   "geometry": {
    "type": "LineString",
    "coordinates": [
     [
      -79.759757,
      43.752557
     ],
     [
      -79.758637,
      43.753106
     ],
     [
      -79.758183,
      43.753406
     ],
     [
      -79.757389,
      43.754124
     ]
    ]
   }
  },
  {
   "type": "Feature",
   "properties": {
    "name": "Goreway Dr",
    "kind": "minor"
   },
   "geometry": {
    "type": "LineString",
    "coordinates": [
     [
      -79.746669,
      43.79914
     ],
     [
      -79.747649,
      43.799722
     ],
     [
      -79.748889,
      43.800537
     ]
    ]
   }
  },
  {
   "type": "Feature",
   "properties": {
    "name": "Goreway Dr",
    "kind": "major"
   },
   "geometry": {
    "type": "LineString",
    "coordinates": [
     [
      -79.662661,
      43.736638
     ],
     [
      -79.666353,
      43.739432
     ]
    ]
   }
  },
  {
   "type": "Feature",
   "properties": {
    "name": "Main St S",
    "kind": "major"
   },
   "geometry": {
    "type": "LineString",
    "coordinates": [
     [
      -79.738123,
      43.669634
     ],
     [
      -79.736897,
      43.668733
     ]
    ]
   }
  },
  {
   "type": "Feature",
   "properties": {
    "name": "Humberwest Pkwy",
    "kind": "major"
   },
   "geometry": {
    "type": "LineString",
    "coordinates": [
     [
      -79.730096,
      43.76905
     ],
     [
      -79.729593,
      43.769409
     ],
     [
      -79.729104,
      43.76966
     ],
     [
      -79.728597,
      43.769857
     ],
     [
      -79.72797,
      43.769999
     ],
     [
      -79.727209,
      43.770057
     ],
     [
      -79.726674,
      43.770037
     ]
    ]
   }
  },
  {
   "type": "Feature",
   "properties": {
    "name": "Queen St E",
    "kind": "major"
   },
   "geometry": {
    "type": "LineString",
    "coordinates": [
     [
      -79.758723,
      43.687025
     ],
     [
      -79.757313,
      43.688311
     ]
    ]
   }
  },
  {
   "type": "Feature",
   "properties": {
    "name": "Countryside Dr",
    "kind": "minor"
   },
   "geometry": {
    "type": "LineString",
    "coordinates": [
     [
      -79.752312,
      43.780617
     ],
     [
      -79.751068,
      43.781709
     ],
     [
      -79.750696,
      43.781997
     ],
     [
      -79.750188,
      43.782359
     ],
     [
      -79.749105,
      43.783069
     ]
    ]
   }
  },
  {
   "type": "Feature",
   "properties": {
    "name": "Main St S",
    "kind": "major"
   },
   "geometry": {
    "type": "LineString",
    "coordinates": [
     [
      -79.740428,
      43.671302
     ],
     [
      -79.738123,
      43.669634
     ]
    ]
   }
  },
  {
   "type": "Feature",
   "properties": {
    "name": "Main St N",
    "kind": "major"
   },
   "geometry": {
    "type": "LineString",
    "coordinates": [
     [
      -79.75995,
      43.685882
     ],
     [
      -79.761637,
      43.687156
     ]
    ]
   }
  },
  {
   "type": "Feature",
   "properties": {
    "name": "Kennedy Rd",
    "kind": "minor"
   },
   "geometry": {
    "type": "LineString",
    "coordinates": [
     [
      -79.80984,
      43.740273
     ],
     [
      -79.812381,
      43.742123
     ]
    ]
   }
  },
  {
   "type": "Feature",
   "properties": {
    "name": "Main St S",
    "kind": "major"
   },
   "geometry": {
    "type": "LineString",
    "coordinates": [
     [
      -79.747498,
      43.676634
     ],
     [
      -79.746431,
      43.675803
     ],
     [
      -79.743464,
      43.673555
     ]
    ]
   }
  },
  {
   "type": "Feature",
   "properties": {
    "name": "Goreway Dr",
    "kind": "major"
   },
   "geometry": {
    "type": "LineString",
    "coordinates": [
     [
      -79.673508,
      43.74489
     ],
     [
      -79.679424,
      43.749366
     ]
    ]
   }
  },
  {
   "type": "Feature",
   "properties": {
    "name": "McLaughlin Rd S",
    "kind": "minor"
   },
   "geometry": {
    "type": "LineString",
    "coordinates": [
     [
      -79.743744,
      43.656424
     ],
     [
      -79.744937,
      43.65725
     ]
    ]
   }
  },
  {
   "type": "Feature",
   "properties": {
    "name": "Williams Pkwy",
    "kind": "minor"
   },
   "geometry": {
    "type": "LineString",
    "coordinates": [
     [
      -79.714692,
      43.74885
     ],
     [
      -79.713036,
      43.750074
     ],
     [
      -79.711585,
      43.751111
     ],
     [
      -79.710256,
      43.752131
     ],
     [
      -79.708876,
      43.753309
     ]
    ]
   }
  },
  {
   "type": "Feature",
   "properties": {
    "name": "McLaughlin Rd N",
    "kind": "minor"
   },
   "geometry": {
    "type": "LineString",
    "coordinates": [
     [
      -79.775684,
      43.679843
     ],
     [
      -79.777175,
      43.680939
     ]
    ]
   }
  },
  {
   "type": "Feature",
   "properties": {
    "name": "McLaughlin Rd N",
    "kind": "minor"
   },
   "geometry": {
    "type": "LineString",
    "coordinates": [
     [
      -79.774092,
      43.678651
     ],
     [
      -79.775684,
      43.679843
     ]
    ]
   }
  },
  {
   "type": "Feature",
   "properties": {
    "name": "Chinguacousy Rd",
    "kind": "major"
   },
   "geometry": {
    "type": "LineString",
    "coordinates": [
     [
      -79.811548,
      43.68855
     ],
     [
      -79.813388,
      43.689897
     ]
    ]
   }
  },
  {
   "type": "Feature",
   "properties": {
    "name": "Goreway Dr",
    "kind": "major"
   },
   "geometry": {
    "type": "LineString",
    "coordinates": [
     [
      -79.658423,
      43.733428
     ],
     [
      -79.660995,
      43.735376
     ]
    ]
   }
  },
  {
   "type": "Feature",
   "properties": {
    "name": "Wanless Dr",
    "kind": "minor"
   },
   "geometry": {
    "type": "LineString",
    "coordinates": [
     [
      -79.866291,
      43.67669
     ],
     [
      -79.870909,
      43.672468
     ],
     [
      -79.871434,
      43.672117
     ],
     [
      -79.872108,
      43.671818
     ],
     [
      -79.872616,
      43.671629
     ],
     [
      -79.873334,
      43.671204
     ],
     [
      -79.877747,
      43.667182
     ],
     [
      -79.878032,
      43.666906
     ]
    ]
   }
  },
  {
   "type": "Feature",
   "properties": {
    "name": "McLaughlin Rd N",
    "kind": "minor"
   },
   "geometry": {
    "type": "LineString",
    "coordinates": [
     [
      -79.77914,
      43.682388
     ],
     [
      -79.779743,
      43.682821
     ]
    ]
   }
  },
  {
   "type": "Feature",
   "properties": {
    "name": "Sandalwood Pkwy E",
    "kind": "major"
   },
   "geometry": {
    "type": "LineString",
    "coordinates": [
     [
      -79.751274,
      43.763049
     ],
     [
      -79.751753,
      43.762447
     ],
     [
      -79.752242,
      43.761642
     ],
     [
      -79.752338,
      43.76144
     ]
    ]
   }
  },
  {
   "type": "Feature",
   "properties": {
    "name": "McLaughlin Rd N",
    "kind": "minor"
   },
   "geometry": {
    "type": "LineString",
    "coordinates": [
     [
      -79.791673,
      43.69166
     ],
     [
      -79.797576,
      43.696008
     ]
    ]
   }
  },
  {
   "type": "Feature",
   "properties": {
    "name": "Queen St E",
    "kind": "major"
   },
   "geometry": {
    "type": "LineString",
    "coordinates": [
     [
      -79.753445,
      43.692055
     ],
     [
      -79.752593,
      43.692838
     ]
    ]
   }
  },
  {
   "type": "Feature",
   "properties": {
    "name": "Sandalwood Pkwy E",
    "kind": "major"
   },
   "geometry": {
    "type": "LineString",
    "coordinates": [
     [
      -79.740718,
      43.76653
     ],
     [
      -79.743328,
      43.766712
     ]
    ]
   }
  },
  {
   "type": "Feature",
   "properties": {
    "name": "McLaughlin Rd N",
    "kind": "minor"
   },
   "geometry": {
    "type": "LineString",
    "coordinates": [
     [
      -79.777175,
      43.680939
     ],
     [
      -79.77914,
      43.682388
     ]
    ]
   }
  },
  {
   "type": "Feature",
   "properties": {
    "name": "Heart Lake Rd",
    "kind": "minor"
   },
   "geometry": {
    "type": "LineString",
    "coordinates": [
     [
      -79.796493,
      43.747887
     ],
     [
      -79.796959,
      43.748228
     ],
     [
      -79.797703,
      43.748997
     ],
     [
      -79.798074,
      43.749302
     ],
     [
      -79.798508,
      43.749564
     ],
     [
      -79.799054,
      43.749821
     ],
     [
      -79.803239,
      43.752841
     ]
    ]
   }
  },
  {
   "type": "Feature",
   "properties": {
    "name": "Bramalea Rd",
    "kind": "minor"
   },
   "geometry": {
    "type": "LineString",
    "coordinates": [
     [
      -79.685219,
      43.701015
     ],
     [
      -79.689668,
      43.704334
     ],
     [
      -79.690522,
      43.704916
     ]
    ]
   }
  },
  {
   "type": "Feature",
   "properties": {
    "name": "Hurontario St",
    "kind": "major"
   },
   "geometry": {
    "type": "LineString",
    "coordinates": [
     [
      -79.817258,
      43.728168
     ],
     [
      -79.820489,
      43.73047
     ]
    ]
   }
  },
  {
   "type": "Feature",
   "properties": {
    "name": "Bramalea Rd",
    "kind": "minor"
   },
   "geometry": {
    "type": "LineString",
    "coordinates": [
     [
      -79.71652,
      43.723781
     ],
     [
      -79.717428,
      43.724489
     ]
    ]
   }
  },
  {
   "type": "Feature",
   "properties": {
    "name": "Hurontario St",
    "kind": "major"
   },
   "geometry": {
    "type": "LineString",
    "coordinates": [
     [
      -79.723345,
      43.658615
     ],
     [
      -79.727436,
      43.661704
     ]
    ]
   }
  },
  {
   "type": "Feature",
   "properties": {
    "name": "Rutherford Rd S",
    "kind": "minor"
   },
   "geometry": {
    "type": "LineString",
    "coordinates": [
     [
      -79.725425,
      43.686443
     ],
     [
      -79.722599,
      43.684538
     ],
     [
      -79.719558,
      43.682249
     ]
    ]
   }
  },
  {
   "type": "Feature",
   "properties": {
    "name": "Torbram Rd",
    "kind": "minor"
   },
   "geometry": {
    "type": "LineString",
    "coordinates": [
     [
      -79.726773,
      43.749066
     ],
     [
      -79.730787,
      43.75205
     ]
    ]
   }
  },
  {
   "type": "Feature",
   "properties": {
    "name": "Main St S",
    "kind": "major"
   },
   "geometry": {
    "type": "LineString",
    "coordinates": [
     [
      -79.743464,
      43.673555
     ],
     [
      -79.741563,
      43.67213
     ]
    ]
   }
  },
  {
   "type": "Feature",
   "properties": {
    "name": "Bramalea Rd",
    "kind": "minor"
   },
   "geometry": {
    "type": "LineString",
    "coordinates": [
     [
      -79.683411,
      43.69967
     ],
     [
      -79.683737,
      43.699913
     ]
    ]
   }
  },
  {
   "type": "Feature",
   "properties": {
    "name": "Main St N",
    "kind": "major"
   },
   "geometry": {
    "type": "LineString",
    "coordinates": [
     [
      -79.780093,
      43.700838
     ],
     [
      -79.783649,
      43.703451
     ]
    ]
   }
  },
  {
   "type": "Feature",
   "properties": {
    "name": "McLaughlin Rd N",
    "kind": "minor"
   },
   "geometry": {
    "type": "LineString",
    "coordinates": [
     [
      -79.787325,
      43.68844
     ],
     [
      -79.791673,
      43.69166
     ]
    ]
   }
  },
  {
   "type": "Feature",
   "properties": {
    "name": "McLaughlin Rd N",
    "kind": "minor"
   },
   "geometry": {
    "type": "LineString",
    "coordinates": [
     [
      -79.772381,
      43.677386
     ],
     [
      -79.772797,
      43.677696
     ]
    ]
   }
  },
  {
   "type": "Feature",
   "properties": {
    "name": "Central Park Dr",
    "kind": "minor"
   },
   "geometry": {
    "type": "LineString",
    "coordinates": [
     [
      -79.71538,
      43.71682
     ],
     [
      -79.716174,
      43.71721
     ],
     [
      -79.717401,
      43.717893
     ]
    ]
   }
  },
  {
   "type": "Feature",
   "properties": {
    "name": "Queen St E",
    "kind": "major"
   },
   "geometry": {
    "type": "LineString",
    "coordinates": [
     [
      -79.742563,
      43.701795
     ],
     [
      -79.74056,
      43.70356
     ]
    ]
   }
  },
  {
   "type": "Feature",
   "properties": {
    "name": "Goreway Dr",
    "kind": "minor"
   },
   "geometry": {
    "type": "LineString",
    "coordinates": [
     [
      -79.742565,
      43.79602
     ],
     [
      -79.74293,
      43.79629
     ],
     [
      -79.74506,
      43.797956
     ]
    ]
   }
  },
  {
   "type": "Feature",
   "properties": {
    "name": "Bramalea Rd",
    "kind": "minor"
   },
   "geometry": {
    "type": "LineString",
    "coordinates": [
     [
      -79.678788,
      43.696218
     ],
     [
      -79.683216,
      43.699524
     ]
    ]
   }
  },
  {
   "type": "Feature",
   "properties": {
    "name": "Bramalea Rd",
    "kind": "minor"
   },
   "geometry": {
    "type": "LineString",
    "coordinates": [
     [
      -79.766849,
      43.761183
     ],
     [
      -79.770966,
      43.764217
     ]
    ]
   }
  },
  {
   "type": "Feature",
   "properties": {
    "name": "Humberwest Pkwy",
    "kind": "major"
   },
   "geometry": {
    "type": "LineString",
    "coordinates": [
     [
      -79.699093,
      43.761855
     ],
     [
      -79.698593,
      43.761629
     ],
     [
      -79.697374,
      43.760786
     ],
     [
      -79.694229,
      43.758414
     ],
     [
      -79.692705,
      43.757406
     ],
     [
      -79.691967,
      43.756875
     ],
     [
      -79.691151,
      43.756254
     ],
     [
      -79.690439,
      43.755791
     ],
     [
      -79.689488,
      43.75533
     ],
     [
      -79.6881,
      43.754957
     ]
    ]
   }
  },
  {
   "type": "Feature",
   "properties": {
    "name": "Clark Blvd",
    "kind": "major"
   },
   "geometry": {
    "type": "LineString",
    "coordinates": [
     [
      -79.735449,
      43.701311
     ],
     [
      -79.73447,
      43.70126
     ],
     [
      -79.733125,
      43.701506
     ]
    ]
   }
  },
  {
   "type": "Feature",
   "properties": {
    "name": "Clark Blvd",
    "kind": "major"
   },
   "geometry": {
    "type": "LineString",
    "coordinates": [
     [
      -79.732589,
      43.701626
     ],
     [
      -79.731439,
      43.701848
     ]
    ]
   }
  },
  {
   "type": "Feature",
   "properties": {
    "name": "Sandalwood Pkwy W",
    "kind": "major"
   },
   "geometry": {
    "type": "LineString",
    "coordinates": [
     [
      -79.803084,
      43.717828
     ],
     [
      -79.804951,
      43.716105
     ],
     [
      -79.808705,
      43.712561
     ],
     [
      -79.809468,
      43.711759
     ],
     [
      -79.809866,
      43.711151
     ],
     [
      -79.810049,
      43.710689
     ],
     [
      -79.810206,
      43.709596
     ]
    ]
   }
  },
  {
   "type": "Feature",
   "properties": {
    "name": "Castlemore Rd",
    "kind": "major"
   },
   "geometry": {
    "type": "LineString",
    "coordinates": [
     [
      -79.676474,
      43.80191
     ],
     [
      -79.676932,
      43.801758
     ],
     [
      -79.677615,
      43.801514
     ],
     [
      -79.678284,
      43.801218
     ],
     [
      -79.678624,
      43.801052
     ]
    ]
   }
  },
  {
   "type": "Feature",
   "properties": {
    "name": "McLaughlin Rd S",
    "kind": "minor"
   },
   "geometry": {
    "type": "LineString",
    "coordinates": [
     [
      -79.755904,
      43.665268
     ],
     [
      -79.758935,
      43.667498
     ]
    ]
   }
  },
  {
   "type": "Feature",
   "properties": {
    "name": "Hurontario St",
    "kind": "major"
   },
   "geometry": {
    "type": "LineString",
    "coordinates": [
     [
      -79.786762,
      43.70578
     ],
     [
      -79.790853,
      43.708781
     ],
     [
      -79.792193,
      43.70978
     ]
    ]
   }
  },
  {
   "type": "Feature",
   "properties": {
    "name": "Queen St E",
    "kind": "major"
   },
   "geometry": {
    "type": "LineString",
    "coordinates": [
     [
      -79.740311,
      43.703751
     ],
     [
      -79.739546,
      43.704499
     ]
    ]
   }
  },
  {
   "type": "Feature",
   "properties": {
    "name": "Bramalea Rd",
    "kind": "minor"
   },
   "geometry": {
    "type": "LineString",
    "coordinates": [
     [
      -79.747083,
      43.746535
     ],
     [
      -79.752324,
      43.750437
     ]
    ]
   }
  },
  {
   "type": "Feature",
   "properties": {
    "name": "Heart Lake Rd",
    "kind": "minor"
   },
   "geometry": {
    "type": "LineString",
    "coordinates": [
     [
      -79.782921,
      43.737923
     ],
     [
      -79.787033,
      43.740929
     ]
    ]
   }
  },
  {
   "type": "Feature",
   "properties": {
    "name": "Clark Blvd",
    "kind": "major"
   },
   "geometry": {
    "type": "LineString",
    "coordinates": [
     [
      -79.731439,
      43.701848
     ],
     [
      -79.730376,
      43.702066
     ],
     [
      -79.729848,
      43.702294
     ],
     [
      -79.729359,
      43.702671
     ],
     [
      -79.7275,
      43.704357
     ]
    ]
   }
  },
  {
   "type": "Feature",
   "properties": {
    "name": "Castlemore Rd",
    "kind": "major"
   },
   "geometry": {
    "type": "LineString",
    "coordinates": [
     [
      -79.693689,
      43.788657
     ],
     [
      -79.689874,
      43.791962
     ]
    ]
   }
  },
  {
   "type": "Feature",
   "properties": {
    "name": "Torbram Rd",
    "kind": "minor"
   },
   "geometry": {
    "type": "LineString",
    "coordinates": [
     [
      -79.720217,
      43.744171
     ],
     [
      -79.720663,
      43.744498
     ],
     [
      -79.723713,
      43.746803
     ]
    ]
   }
  },
  {
   "type": "Feature",
   "properties": {
    "name": "Queen St W",
    "kind": "major"
   },
   "geometry": {
    "type": "LineString",
    "coordinates": [
     [
      -79.762672,
      43.683417
     ],
     [
      -79.763086,
      43.683021
     ]
    ]
   }
  },
  {
   "type": "Feature",
   "properties": {
    "name": "Rutherford Rd S",
    "kind": "minor"
   },
   "geometry": {
    "type": "LineString",
    "coordinates": [
     [
      -79.733672,
      43.695052
     ],
     [
      -79.733243,
      43.694539
     ],
     [
      -79.73305,
      43.694113
     ],
     [
      -79.732749,
      43.693349
     ],
     [
      -79.732114,
      43.691667
     ]
    ]
   }
  },
  {
   "type": "Feature",
   "properties": {
    "name": "Sandalwood Pkwy E",
    "kind": "major"
   },
   "geometry": {
    "type": "LineString",
    "coordinates": [
     [
      -79.737411,
      43.766701
     ],
     [
      -79.738403,
      43.766451
     ],
     [
      -79.740718,
      43.76653
     ]
    ]
   }
  },
  {
   "type": "Feature",
   "properties": {
    "name": "Queen St E",
    "kind": "major"
   },
   "geometry": {
    "type": "LineString",
    "coordinates": [
     [
      -79.74056,
      43.70356
     ],
     [
      -79.740311,
      43.703751
     ]
    ]
   }
  },
  {
   "type": "Feature",
   "properties": {
    "name": "Sandalwood Pkwy W",
    "kind": "major"
   },
   "geometry": {
    "type": "LineString",
    "coordinates": [
     [
      -79.81194,
      43.706643
     ],
     [
      -79.813539,
      43.705516
     ],
     [
      -79.814095,
      43.705112
     ],
     [
      -79.814926,
      43.704369
     ]
    ]
   }
  },
  {
   "type": "Feature",
   "properties": {
    "name": "McVean Dr",
    "kind": "minor"
   },
   "geometry": {
    "type": "LineString",
    "coordinates": [
     [
      -79.725881,
      43.8013
     ],
     [
      -79.727167,
      43.802238
     ]
    ]
   }
  },
  {
   "type": "Feature",
   "properties": {
    "name": "Countryside Dr",
    "kind": "minor"
   },
   "geometry": {
    "type": "LineString",
    "coordinates": [
     [
      -79.749105,
      43.783069
     ],
     [
      -79.748492,
      43.78355
     ],
     [
      -79.747356,
      43.784558
     ],
     [
      -79.744088,
      43.787434
     ],
     [
      -79.74363,
      43.78773
     ]
    ]
   }
  },
  {
   "type": "Feature",
   "properties": {
    "name": "Main St N",
    "kind": "major"
   },
   "geometry": {
    "type": "LineString",
    "coordinates": [
     [
      -79.783649,
      43.703451
     ],
     [
      -79.786762,
      43.70578
     ]
    ]
   }
  },
  {
   "type": "Feature",
   "properties": {
    "name": "Main St N",
    "kind": "major"
   },
   "geometry": {
    "type": "LineString",
    "coordinates": [
     [
      -79.764247,
      43.689116
     ],
     [
      -79.764357,
      43.689202
     ]
    ]
   }
  },
  {
   "type": "Feature",
   "properties": {
    "name": "Kennedy Rd",
    "kind": "minor"
   },
   "geometry": {
    "type": "LineString",
    "coordinates": [
     [
      -79.793325,
      43.728201
     ],
     [
      -79.794646,
      43.729156
     ]
    ]
   }
  },
  {
   "type": "Feature",
   "properties": {
    "name": "Clark Blvd",
    "kind": "major"
   },
   "geometry": {
    "type": "LineString",
    "coordinates": [
     [
      -79.733125,
      43.701506
     ],
     [
      -79.732589,
      43.701626
     ]
    ]
   }
  },
  {
   "type": "Feature",
   "properties": {
    "name": "Clark Blvd",
    "kind": "major"
   },
   "geometry": {
    "type": "LineString",
    "coordinates": [
     [
      -79.736735,
      43.701132
     ],
     [
      -79.735987,
      43.701295
     ],
     [
      -79.735449,
      43.701311
     ]
    ]
   }
  },
  {
   "type": "Feature",
   "properties": {
    "name": "Queen St E",
    "kind": "major"
   },
   "geometry": {
    "type": "LineString",
    "coordinates": [
     [
      -79.738489,
      43.705455
     ],
     [
      -79.73821,
      43.7057
     ]
    ]
   }
  },
  {
   "type": "Feature",
   "properties": {
    "name": "Torbram Rd",
    "kind": "minor"
   },
   "geometry": {
    "type": "LineString",
    "coordinates": [
     [
      -79.676363,
      43.711852
     ],
     [
      -79.679716,
      43.714426
     ]
    ]
   }
  },
  {
   "type": "Feature",
   "properties": {
    "name": "Sandalwood Pkwy E",
    "kind": "major"
   },
   "geometry": {
    "type": "LineString",
    "coordinates": [
     [
      -79.777778,
      43.73858
     ],
     [
      -79.776822,
      43.739294
     ]
    ]
   }
  },
  {
   "type": "Feature",
   "properties": {
    "name": "Sandalwood Pkwy E",
    "kind": "major"
   },
   "geometry": {
    "type": "LineString",
    "coordinates": [
     [
      -79.794378,
      43.72742
     ],
     [
      -79.793325,
      43.728201
     ]
    ]
   }
  },
  {
   "type": "Feature",
   "properties": {
    "name": "Queen St E",
    "kind": "major"
   },
   "geometry": {
    "type": "LineString",
    "coordinates": [
     [
      -79.73579,
      43.707849
     ],
     [
      -79.737115,
      43.706683
     ]
    ]
   }
  },
  {
   "type": "Feature",
   "properties": {
    "name": "Main St S",
    "kind": "major"
   },
   "geometry": {
    "type": "LineString",
    "coordinates": [
     [
      -79.741563,
      43.67213
     ],
     [
      -79.740428,
      43.671302
     ]
    ]
   }
  },
  {
   "type": "Feature",
   "properties": {
    "name": "Sandalwood Pkwy E",
    "kind": "major"
   },
   "geometry": {
    "type": "LineString",
    "coordinates": [
     [
      -79.796296,
      43.725568
     ],
     [
      -79.795871,
      43.726261
     ],
     [
      -79.794378,
      43.72742
     ]
    ]
   }
  },
  {
   "type": "Feature",
   "properties": {
    "name": "Queen St E",
    "kind": "major"
   },
   "geometry": {
    "type": "LineString",
    "coordinates": [
     [
      -79.737115,
      43.706683
     ],
     [
      -79.737883,
      43.705983
     ]
    ]
   }
  },
  {
   "type": "Feature",
   "properties": {
    "name": "McLaughlin Rd N",
    "kind": "minor"
   },
   "geometry": {
    "type": "LineString",
    "coordinates": [
     [
      -79.827752,
      43.71825
     ],
     [
      -79.832151,
      43.721528
     ]
    ]
   }
  },
  {
   "type": "Feature",
   "properties": {
    "name": "Williams Pkwy",
    "kind": "minor"
   },
   "geometry": {
    "type": "LineString",
    "coordinates": [
     [
      -79.787325,
      43.68844
     ],
     [
      -79.78813,
      43.687688
     ],
     [
      -79.788458,
      43.687259
     ],
     [
      -79.788695,
      43.686658
     ],
     [
      -79.789042,
      43.686212
     ],
     [
      -79.790995,
      43.684452
     ]
    ]
   }
  },
  {
   "type": "Feature",
   "properties": {
    "name": "Williams Pkwy",
    "kind": "minor"
   },
   "geometry": {
    "type": "LineString",
    "coordinates": [
     [
      -79.780171,
      43.695783
     ],
     [
      -79.780515,
      43.694864
     ],
     [
      -79.780797,
      43.694484
     ],
     [
      -79.781787,
      43.693347
     ],
     [
      -79.782445,
      43.692678
     ],
     [
      -79.782915,
      43.692256
     ],
     [
      -79.784899,
      43.690553
     ]
    ]
   }
  },
  {
   "type": "Feature",
   "properties": {
    "name": "Williams Pkwy",
    "kind": "minor"
   },
   "geometry": {
    "type": "LineString",
    "coordinates": [
     [
      -79.720217,
      43.744171
     ],
     [
      -79.717762,
      43.746309
     ]
    ]
   }
  },
  {
   "type": "Feature",
   "properties": {
    "name": "Goreway Dr",
    "kind": "major"
   },
   "geometry": {
    "type": "LineString",
    "coordinates": [
     [
      -79.661689,
      43.735902
     ],
     [
      -79.662661,
      43.736638
     ]
    ]
   }
  },
  {
   "type": "Feature",
   "properties": {
    "name": "Hurontario St",
    "kind": "major"
   },
   "geometry": {
    "type": "LineString",
    "coordinates": [
     [
      -79.720039,
      43.656215
     ],
     [
      -79.723345,
      43.658615
     ]
    ]
   }
  },
  {
   "type": "Feature",
   "properties": {
    "name": "Countryside Dr",
    "kind": "minor"
   },
   "geometry": {
    "type": "LineString",
    "coordinates": [
     [
      -79.74363,
      43.78773
     ],
     [
      -79.743158,
      43.787983
     ],
     [
      -79.741161,
      43.789739
     ],
     [
      -79.737916,
      43.792606
     ]
    ]
   }
  },
  {
   "type": "Feature",
   "properties": {
    "name": "Sandalwood Pkwy E",
    "kind": "major"
   },
   "geometry": {
    "type": "LineString",
    "coordinates": [
     [
      -79.767583,
      43.746407
     ],
     [
      -79.766595,
      43.747399
     ],
     [
      -79.764846,
      43.749123
     ],
     [
      -79.764471,
      43.74946
     ],
     [
      -79.763707,
      43.74998
     ]
    ]
   }
  },
  {
   "type": "Feature",
   "properties": {
    "name": "Countryside Dr",
    "kind": "minor"
   },
   "geometry": {
    "type": "LineString",
    "coordinates": [
     [
      -79.792379,
      43.744893
     ],
     [
      -79.791471,
      43.745675
     ],
     [
      -79.790502,
      43.746522
     ],
     [
      -79.789187,
      43.747702
     ],
     [
      -79.788647,
      43.748168
     ]
    ]
   }
  },
  {
   "type": "Feature",
   "properties": {
    "name": "Hurontario St",
    "kind": "major"
   },
   "geometry": {
    "type": "LineString",
    "coordinates": [
     [
      -79.727436,
      43.661704
     ],
     [
      -79.728242,
      43.662285
     ],
     [
      -79.728969,
      43.662878
     ],
     [
      -79.730741,
      43.664222
     ],
     [
      -79.731505,
      43.664775
     ]
    ]
   }
  },
  {
   "type": "Feature",
   "properties": {
    "name": "Hurontario St",
    "kind": "major"
   },
   "geometry": {
    "type": "LineString",
    "coordinates": [
     [
      -79.731505,
      43.664775
     ],
     [
      -79.733195,
      43.666
     ]
    ]
   }
  },
  {
   "type": "Feature",
   "properties": {
    "name": "Bramalea Rd",
    "kind": "minor"
   },
   "geometry": {
    "type": "LineString",
    "coordinates": [
     [
      -79.68333,
      43.699606
     ],
     [
      -79.683411,
      43.69967
     ]
    ]
   }
  },
  {
   "type": "Feature",
   "properties": {
    "name": "Chinguacousy Rd",
    "kind": "major"
   },
   "geometry": {
    "type": "LineString",
    "coordinates": [
     [
      -79.810069,
      43.687477
     ],
     [
      -79.811126,
      43.688244
     ]
    ]
   }
  },
  {
   "type": "Feature",
   "properties": {
    "name": "Clarkway Dr",
    "kind": "minor"
   },
   "geometry": {
    "type": "LineString",
    "coordinates": [
     [
      -79.705872,
      43.82123
     ],
     [
      -79.710163,
      43.824421
     ],
     [
      -79.716611,
      43.82917
     ]
    ]
   }
  },
  {
   "type": "Feature",
   "properties": {
    "name": "McVean Dr",
    "kind": "minor"
   },
   "geometry": {
    "type": "LineString",
    "coordinates": [
     [
      -79.722947,
      43.799129
     ],
     [
      -79.725881,
      43.8013
     ]
    ]
   }
  },
  {
   "type": "Feature",
   "properties": {
    "name": "Sandalwood Pkwy W",
    "kind": "major"
   },
   "geometry": {
    "type": "LineString",
    "coordinates": [
     [
      -79.819311,
      43.6998
     ],
     [
      -79.81991,
      43.699266
     ]
    ]
   }
  },
  {
   "type": "Feature",
   "properties": {
    "name": "Torbram Rd",
    "kind": "minor"
   },
   "geometry": {
    "type": "LineString",
    "coordinates": [
     [
      -79.743598,
      43.761542
     ],
     [
      -79.748582,
      43.765212
     ]
    ]
   }
  },
  {
   "type": "Feature",
   "properties": {
    "name": "Humberwest Pkwy",
    "kind": "major"
   },
   "geometry": {
    "type": "LineString",
    "coordinates": [
     [
      -79.710534,
      43.763889
     ],
     [
      -79.713832,
      43.764559
     ],
     [
      -79.714713,
      43.764733
     ],
     [
      -79.715213,
      43.76487
     ],
     [
      -79.715825,
      43.765053
     ],
     [
      -79.716538,
      43.765376
     ],
     [
      -79.717,
      43.765664
     ],
     [
      -79.718298,
      43.766613
     ]
    ]
   }
  },
  {
   "type": "Feature",
   "properties": {
    "name": "Castlemore Rd",
    "kind": "major"
   },
   "geometry": {
    "type": "LineString",
    "coordinates": [
     [
      -79.71109,
      43.772899
     ],
     [
      -79.708063,
      43.775791
     ]
    ]
   }
  },
  {
   "type": "Feature",
   "properties": {
    "name": "Chinguacousy Rd",
    "kind": "major"
   },
   "geometry": {
    "type": "LineString",
    "coordinates": [
     [
      -79.811126,
      43.688244
     ],
     [
      -79.811548,
      43.68855
     ]
    ]
   }
  },
  {
   "type": "Feature",
   "properties": {
    "name": "Heart Lake Rd",
    "kind": "minor"
   },
   "geometry": {
    "type": "LineString",
    "coordinates": [
     [
      -79.772523,
      43.730272
     ],
     [
      -79.774178,
      43.731487
     ]
    ]
   }
  },
  {
   "type": "Feature",
   "properties": {
    "name": "McLaughlin Rd N",
    "kind": "minor"
   },
   "geometry": {
    "type": "LineString",
    "coordinates": [
     [
      -79.797576,
      43.696008
     ],
     [
      -79.800152,
      43.697899
     ]
    ]
   }
  },
  {
   "type": "Feature",
   "properties": {
    "name": "Chinguacousy Rd",
    "kind": "major"
   },
   "geometry": {
    "type": "LineString",
    "coordinates": [
     [
      -79.759834,
      43.650684
     ],
     [
      -79.761553,
      43.651918
     ],
     [
      -79.764643,
      43.654191
     ],
     [
      -79.765094,
      43.654516
     ],
     [
      -79.766359,
      43.655467
     ],
     [
      -79.767347,
      43.656203
     ],
     [
      -79.767656,
      43.656432
     ]
    ]
   }
  },
  {
   "type": "Feature",
   "properties": {
    "name": "Central Park Dr",
    "kind": "minor"
   },
   "geometry": {
    "type": "LineString",
    "coordinates": [
     [
      -79.720588,
      43.719735
     ],
     [
      -79.721862,
      43.720487
     ]
    ]
   }
  },
  {
   "type": "Feature",
   "properties": {
    "name": "McLaughlin Rd",
    "kind": "minor"
   },
   "geometry": {
    "type": "LineString",
    "coordinates": [
     [
      -79.729347,
      43.645861
     ],
     [
      -79.732051,
      43.64789
     ]
    ]
   }
  },
  {
   "type": "Feature",
   "properties": {
    "name": "Castlemore Rd",
    "kind": "major"
   },
   "geometry": {
    "type": "LineString",
    "coordinates": [
     [
      -79.674448,
      43.802199
     ],
     [
      -79.675162,
      43.802135
     ],
     [
      -79.675784,
      43.802046
     ],
     [
      -79.676474,
      43.80191
     ]
    ]
   }
  },
  {
   "type": "Feature",
   "properties": {
    "name": "Castlemore Rd",
    "kind": "major"
   },
   "geometry": {
    "type": "LineString",
    "coordinates": [
     [
      -79.669179,
      43.803031
     ],
     [
      -79.670234,
      43.80271
     ],
     [
      -79.670767,
      43.802572
     ],
     [
      -79.671271,
      43.802461
     ],
     [
      -79.67219,
      43.802346
     ],
     [
      -79.674448,
      43.802199
     ]
    ]
   }
  },
  {
   "type": "Feature",
   "properties": {
    "name": "Heart Lake Rd",
    "kind": "minor"
   },
   "geometry": {
    "type": "LineString",
    "coordinates": [
     [
      -79.78074,
      43.736329
     ],
     [
      -79.782921,
      43.737923
     ]
    ]
   }
  },
  {
   "type": "Feature",
   "properties": {
    "name": "Bramalea Rd",
    "kind": "minor"
   },
   "geometry": {
    "type": "LineString",
    "coordinates": [
     [
      -79.683216,
      43.699524
     ],
     [
      -79.68333,
      43.699606
     ]
    ]
   }
  },
  {
   "type": "Feature",
   "properties": {
    "name": "Kennedy Rd",
    "kind": "minor"
   },
   "geometry": {
    "type": "LineString",
    "coordinates": [
     [
      -79.705377,
      43.662781
     ],
     [
      -79.705577,
      43.662925
     ]
    ]
   }
  },
  {
   "type": "Feature",
   "properties": {
    "name": "Kennedy Rd",
    "kind": "minor"
   },
   "geometry": {
    "type": "LineString",
    "coordinates": [
     [
      -79.705577,
      43.662925
     ],
     [
      -79.705751,
      43.66305
     ],
     [
      -79.705925,
      43.663176
     ]
    ]
   }
  },
  {
   "type": "Feature",
   "properties": {
    "name": "Sandalwood Pkwy W",
    "kind": "major"
   },
   "geometry": {
    "type": "LineString",
    "coordinates": [
     [
      -79.814926,
      43.704369
     ],
     [
      -79.816515,
      43.702986
     ],
     [
      -79.816961,
      43.702576
     ],
     [
      -79.817745,
      43.701711
     ],
     [
      -79.818885,
      43.700232
     ],
     [
      -79.819311,
      43.6998
     ]
    ]
   }
  },
  {
   "type": "Feature",
   "properties": {
    "name": "Cottrelle Blvd",
    "kind": "minor"
   },
   "geometry": {
    "type": "LineString",
    "coordinates": [
     [
      -79.663491,
      43.783833
     ],
     [
      -79.662165,
      43.783971
     ],
     [
      -79.661131,
      43.784178
     ],
     [
      -79.660028,
      43.784456
     ],
     [
      -79.658541,
      43.7849
     ]
    ]
   }
  },
  {
   "type": "Feature",
   "properties": {
    "name": "Sandalwood Pkwy E",
    "kind": "major"
   },
   "geometry": {
    "type": "LineString",
    "coordinates": [
     [
      -79.776822,
      43.739294
     ],
     [
      -79.775562,
      43.74024
     ]
    ]
   }
  },
  {
   "type": "Feature",
   "properties": {
    "name": "Williams Pkwy",
    "kind": "minor"
   },
   "geometry": {
    "type": "LineString",
    "coordinates": [
     [
      -79.80953,
      43.665543
     ],
     [
      -79.809152,
      43.665896
     ],
     [
      -79.808733,
      43.666339
     ],
     [
      -79.807996,
      43.667211
     ],
     [
      -79.807366,
      43.667906
     ]
    ]
   }
  },
  {
   "type": "Feature",
   "properties": {
    "name": "Williams Pkwy",
    "kind": "minor"
   },
   "geometry": {
    "type": "LineString",
    "coordinates": [
     [
      -79.811937,
      43.663358
     ],
     [
      -79.80953,
      43.665543
     ]
    ]
   }
  },
  {
   "type": "Feature",
   "properties": {
    "name": "Countryside Dr",
    "kind": "minor"
   },
   "geometry": {
    "type": "LineString",
    "coordinates": [
     [
      -79.788647,
      43.748168
     ],
     [
      -79.788519,
      43.748271
     ]
    ]
   }
  },
  {
   "type": "Feature",
   "properties": {
    "name": "Bramalea Rd",
    "kind": "minor"
   },
   "geometry": {
    "type": "LineString",
    "coordinates": [
     [
      -79.761546,
      43.757277
     ],
     [
      -79.763125,
      43.75844
     ]
    ]
   }
  },
  {
   "type": "Feature",
   "properties": {
    "name": "Creditview Rd",
    "kind": "minor"
   },
   "geometry": {
    "type": "LineString",
    "coordinates": [
     [
      -79.838544,
      43.690998
     ],
     [
      -79.840843,
      43.692689
     ]
    ]
   }
  },
  {
   "type": "Feature",
   "properties": {
    "name": "Bramalea Rd",
    "kind": "minor"
   },
   "geometry": {
    "type": "LineString",
    "coordinates": [
     [
      -79.763125,
      43.75844
     ],
     [
      -79.766849,
      43.761183
     ]
    ]
   }
  },
  {
   "type": "Feature",
   "properties": {
    "name": "Central Park Dr",
    "kind": "minor"
   },
   "geometry": {
    "type": "LineString",
    "coordinates": [
     [
      -79.721862,
      43.720487
     ],
     [
      -79.722901,
      43.721093
     ],
     [
      -79.723743,
      43.721625
     ]
    ]
   }
  },
  {
   "type": "Feature",
   "properties": {
    "name": "Torbram Rd",
    "kind": "minor"
   },
   "geometry": {
    "type": "LineString",
    "coordinates": [
     [
      -79.676016,
      43.711596
     ],
     [
      -79.676363,
      43.711852
     ]
    ]
   }
  },
  {
   "type": "Feature",
   "properties": {
    "name": "Castlemore Rd",
    "kind": "major"
   },
   "geometry": {
    "type": "LineString",
    "coordinates": [
     [
      -79.689874,
      43.791962
     ],
     [
      -79.686942,
      43.794507
     ]
    ]
   }
  },
  {
   "type": "Feature",
   "properties": {
    "name": "Sandalwood Pkwy E",
    "kind": "major"
   },
   "geometry": {
    "type": "LineString",
    "coordinates": [
     [
      -79.778689,
      43.737883
     ],
     [
      -79.778242,
      43.73822
     ]
    ]
   }
  },
  {
   "type": "Feature",
   "properties": {
    "name": "McVean Dr",
    "kind": "minor"
   },
   "geometry": {
    "type": "LineString",
    "coordinates": [
     [
      -79.691726,
      43.775808
     ],
     [
      -79.694962,
      43.778244
     ]
    ]
   }
  },
  {
   "type": "Feature",
   "properties": {
    "name": "Countryside Dr",
    "kind": "minor"
   },
   "geometry": {
    "type": "LineString",
    "coordinates": [
     [
      -79.78457,
      43.751763
     ],
     [
      -79.783554,
      43.75269
     ]
    ]
   }
  },
  {
   "type": "Feature",
   "properties": {
    "name": "Cottrelle Blvd",
    "kind": "minor"
   },
   "geometry": {
    "type": "LineString",
    "coordinates": [
     [
      -79.677363,
      43.776822
     ],
     [
      -79.678146,
      43.776138
     ],
     [
      -79.678552,
      43.775818
     ],
     [
      -79.679239,
      43.775423
     ],
     [
      -79.679966,
      43.775167
     ],
     [
      -79.680725,
      43.775014
     ],
     [
      -79.681627,
      43.774924
     ],
     [
      -79.68515,
      43.774636
     ]
    ]
   }
  },
  {
   "type": "Feature",
   "properties": {
    "name": "Chinguacousy Rd",
    "kind": "major"
   },
   "geometry": {
    "type": "LineString",
    "coordinates": [
     [
      -79.791215,
      43.67367
     ],
     [
      -79.795139,
      43.676516
     ]
    ]
   }
  },
  {
   "type": "Feature",
   "properties": {
    "name": "Goreway Dr",
    "kind": "major"
   },
   "geometry": {
    "type": "LineString",
    "coordinates": [
     [
      -79.661367,
      43.735659
     ],
     [
      -79.661689,
      43.735902
     ]
    ]
   }
  },
  {
   "type": "Feature",
   "properties": {
    "name": "Sandalwood Pkwy E",
    "kind": "major"
   },
   "geometry": {
    "type": "LineString",
    "coordinates": [
     [
      -79.778242,
      43.73822
     ],
     [
      -79.778124,
      43.738305
     ]
    ]
   }
  },
  {
   "type": "Feature",
   "properties": {
    "name": "Castlemore Rd",
    "kind": "major"
   },
   "geometry": {
    "type": "LineString",
    "coordinates": [
     [
      -79.686942,
      43.794507
     ],
     [
      -79.684127,
      43.796917
     ]
    ]
   }
  },
  {
   "type": "Feature",
   "properties": {
    "name": "West Dr",
    "kind": "minor"
   },
   "geometry": {
    "type": "LineString",
    "coordinates": [
     [
      -79.72238,
      43.70217
     ],
     [
      -79.724145,
      43.703203
     ],
     [
      -79.725131,
      43.70356
     ],
     [
      -79.726053,
      43.703751
     ],
     [
      -79.726899,
      43.70403
     ],
     [
      -79.7275,
      43.704357
     ]
    ]
   }
  },
  {
   "type": "Feature",
   "properties": {
    "name": "Hurontario St",
    "kind": "highway"
   },
   "geometry": {
    "type": "LineString",
    "coordinates": [
     [
      -79.825001,
      43.733764
     ],
     [
      -79.82627,
      43.734739
     ],
     [
      -79.829863,
      43.737486
     ]
    ]
   }
  },
  {
   "type": "Feature",
   "properties": {
    "name": "Kennedy Rd",
    "kind": "minor"
   },
   "geometry": {
    "type": "LineString",
    "coordinates": [
     [
      -79.794646,
      43.729156
     ],
     [
      -79.796273,
      43.730335
     ]
    ]
   }
  },
  {
   "type": "Feature",
   "properties": {
    "name": "Williams Pkwy",
    "kind": "minor"
   },
   "geometry": {
    "type": "LineString",
    "coordinates": [
     [
      -79.815541,
      43.660163
     ],
     [
      -79.814251,
      43.661387
     ],
     [
      -79.813356,
      43.662106
     ],
     [
      -79.811937,
      43.663358
     ]
    ]
   }
  },
  {
   "type": "Feature",
   "properties": {
    "name": "Bramalea Rd",
    "kind": "minor"
   },
   "geometry": {
    "type": "LineString",
    "coordinates": [
     [
      -79.752324,
      43.750437
     ],
     [
      -79.755678,
      43.752914
     ],
     [
      -79.757389,
      43.754124
     ]
    ]
   }
  },
  {
   "type": "Feature",
   "properties": {
    "name": "Sandalwood Pkwy E",
    "kind": "major"
   },
   "geometry": {
    "type": "LineString",
    "coordinates": [
     [
      -79.775562,
      43.74024
     ],
     [
      -79.774839,
      43.740781
     ],
     [
      -79.773909,
      43.741591
     ]
    ]
   }
  },
  {
   "type": "Feature",
   "properties": {
    "name": "Countryside Dr",
    "kind": "minor"
   },
   "geometry": {
    "type": "LineString",
    "coordinates": [
     [
      -79.783554,
      43.75269
     ],
     [
      -79.78159,
      43.754503
     ]
    ]
   }
  },
  {
   "type": "Feature",
   "properties": {
    "name": "Castlemore Rd",
    "kind": "major"
   },
   "geometry": {
    "type": "LineString",
    "coordinates": [
     [
      -79.684127,
      43.796917
     ],
     [
      -79.681568,
      43.799122
     ]
    ]
   }
  },
  {
   "type": "Feature",
   "properties": {
    "name": "Cottrelle Blvd",
    "kind": "minor"
   },
   "geometry": {
    "type": "LineString",
    "coordinates": [
     [
      -79.68515,
      43.774636
     ],
     [
      -79.686028,
      43.774472
     ],
     [
      -79.686633,
      43.774244
     ],
     [
      -79.687306,
      43.773852
     ],
     [
      -79.688252,
      43.773193
     ]
    ]
   }
  },
  {
   "type": "Feature",
   "properties": {
    "name": "Chinguacousy Rd",
    "kind": "major"
   },
   "geometry": {
    "type": "LineString",
    "coordinates": [
     [
      -79.754462,
      43.646799
     ],
     [
      -79.755295,
      43.647308
     ],
     [
      -79.758028,
      43.649325
     ],
     [
      -79.759834,
      43.650684
     ]
    ]
   }
  },
  {
   "type": "Feature",
   "properties": {
    "name": "Chinguacousy Rd",
    "kind": "major"
   },
   "geometry": {
    "type": "LineString",
    "coordinates": [
     [
      -79.767656,
      43.656432
     ],
     [
      -79.774374,
      43.66133
     ]
    ]
   }
  },
  {
   "type": "Feature",
   "properties": {
    "name": "Goreway Dr",
    "kind": "major"
   },
   "geometry": {
    "type": "LineString",
    "coordinates": [
     [
      -79.661279,
      43.735591
     ],
     [
      -79.661367,
      43.735659
     ]
    ]
   }
  },
  {
   "type": "Feature",
   "properties": {
    "name": "McVean Dr",
    "kind": "minor"
   },
   "geometry": {
    "type": "LineString",
    "coordinates": [
     [
      -79.689299,
      43.773977
     ],
     [
      -79.691726,
      43.775808
     ]
    ]
   }
  },
  {
   "type": "Feature",
   "properties": {
    "name": "Heart Lake Rd",
    "kind": "minor"
   },
   "geometry": {
    "type": "LineString",
    "coordinates": [
     [
      -79.769658,
      43.721772
     ],
     [
      -79.770087,
      43.722018
     ],
     [
      -79.770637,
      43.722338
     ],
     [
      -79.771005,
      43.722592
     ],
     [
      -79.771316,
      43.722887
     ],
     [
      -79.771636,
      43.723443
     ],
     [
      -79.771676,
      43.72404
     ],
     [
      -79.771476,
      43.724706
     ],
     [
      -79.771006,
      43.725488
     ],
     [
      -79.770764,
      43.725948
     ],
     [
      -79.770713,
      43.726147
     ]
    ]
   }
  },
  {
   "type": "Feature",
   "properties": {
    "name": "James Potter Rd",
    "kind": "minor"
   },
   "geometry": {
    "type": "LineString",
    "coordinates": [
     [
      -79.81385,
      43.672723
     ],
     [
      -79.814491,
      43.672146
     ],
     [
      -79.815358,
      43.671362
     ],
     [
      -79.816198,
      43.670604
     ]
    ]
   }
  },
  {
   "type": "Feature",
   "properties": {
    "name": "Countryside Dr",
    "kind": "minor"
   },
   "geometry": {
    "type": "LineString",
    "coordinates": [
     [
      -79.777145,
      43.758558
     ],
     [
      -79.774849,
      43.760668
     ]
    ]
   }
  },
  {
   "type": "Feature",
   "properties": {
    "name": "Sandalwood Pkwy E",
    "kind": "major"
   },
   "geometry": {
    "type": "LineString",
    "coordinates": [
     [
      -79.778124,
      43.738305
     ],
     [
      -79.777778,
      43.73858
     ]
    ]
   }
  },
  {
   "type": "Feature",
   "properties": {
    "name": "Creditview Rd",
    "kind": "minor"
   },
   "geometry": {
    "type": "LineString",
    "coordinates": [
     [
      -79.82755,
      43.682222
     ],
     [
      -79.827772,
      43.682674
     ],
     [
      -79.828048,
      43.683049
     ],
     [
      -79.828724,
      43.683738
     ]
    ]
   }
  },
  {
   "type": "Feature",
   "properties": {
    "name": "Castlemore Rd",
    "kind": "major"
   },
   "geometry": {
    "type": "LineString",
    "coordinates": [
     [
      -79.681568,
      43.799122
     ],
     [
      -79.680795,
      43.79979
     ],
     [
      -79.680369,
      43.800121
     ],
     [
      -79.679973,
      43.800375
     ],
     [
      -79.679413,
      43.800672
     ],
     [
      -79.678997,
      43.800868
     ],
     [
      -79.678624,
      43.801052
     ]
    ]
   }
  },
  {
   "type": "Feature",
   "properties": {
    "name": "James Potter Rd",
    "kind": "minor"
   },
   "geometry": {
    "type": "LineString",
    "coordinates": [
     [
      -79.80977,
      43.673972
     ],
     [
      -79.810624,
      43.673907
     ],
     [
      -79.811322,
      43.67385
     ],
     [
      -79.812098,
      43.673718
     ],
     [
      -79.812661,
      43.67355
     ],
     [
      -79.813199,
      43.673276
     ],
     [
      -79.813648,
      43.672919
     ],
     [
      -79.81385,
      43.672723
     ]
    ]
   }
  },
  {
   "type": "Feature",
   "properties": {
    "name": "Chinguacousy Rd",
    "kind": "major"
   },
   "geometry": {
    "type": "LineString",
    "coordinates": [
     [
      -79.786606,
      43.670267
     ],
     [
      -79.789147,
      43.672126
     ],
     [
      -79.791215,
      43.67367
     ]
    ]
   }
  },
  {
   "type": "Feature",
   "properties": {
    "name": "Bramalea Rd",
    "kind": "minor"
   },
   "geometry": {
    "type": "LineString",
    "coordinates": [
     [
      -79.683737,
      43.699913
     ],
     [
      -79.685219,
      43.701015
     ]
    ]
   }
  },
  {
   "type": "Feature",
   "properties": {
    "name": "Humberwest Pkwy",
    "kind": "major"
   },
   "geometry": {
    "type": "LineString",
    "coordinates": [
     [
      -79.721509,
      43.768963
     ],
     [
      -79.718298,
      43.766613
     ]
    ]
   }
  },
  {
   "type": "Feature",
   "properties": {
    "name": "Chinguacousy Rd",
    "kind": "major"
   },
   "geometry": {
    "type": "LineString",
    "coordinates": [
     [
      -79.777494,
      43.663617
     ],
     [
      -79.778194,
      43.664132
     ]
    ]
   }
  },
  {
   "type": "Feature",
   "properties": {
    "name": "McVean Dr",
    "kind": "minor"
   },
   "geometry": {
    "type": "LineString",
    "coordinates": [
     [
      -79.688252,
      43.773193
     ],
     [
      -79.689299,
      43.773977
     ]
    ]
   }
  },
  {
   "type": "Feature",
   "properties": {
    "name": "Castlemore Rd",
    "kind": "major"
   },
   "geometry": {
    "type": "LineString",
    "coordinates": [
     [
      -79.700414,
      43.78237
     ],
     [
      -79.698779,
      43.783812
     ]
    ]
   }
  },
  {
   "type": "Feature",
   "properties": {
    "name": "Castlemore Rd",
    "kind": "major"
   },
   "geometry": {
    "type": "LineString",
    "coordinates": [
     [
      -79.698779,
      43.783812
     ],
     [
      -79.697128,
      43.785283
     ],
     [
      -79.696546,
      43.785839
     ],
     [
      -79.695351,
      43.787065
     ],
     [
      -79.694775,
      43.787627
     ],
     [
      -79.693689,
      43.788657
     ]
    ]
   }
  },
  {
   "type": "Feature",
   "properties": {
    "name": "Torbram Rd",
    "kind": "minor"
   },
   "geometry": {
    "type": "LineString",
    "coordinates": [
     [
      -79.750467,
      43.7666
     ],
     [
      -79.751847,
      43.767584
     ]
    ]
   }
  },
  {
   "type": "Feature",
   "properties": {
    "name": "Countryside Dr",
    "kind": "minor"
   },
   "geometry": {
    "type": "LineString",
    "coordinates": [
     [
      -79.788519,
      43.748271
     ],
     [
      -79.78734,
      43.749284
     ],
     [
      -79.786444,
      43.750077
     ],
     [
      -79.785616,
      43.75081
     ],
     [
      -79.78457,
      43.751763
     ]
    ]
   }
  },
  {
   "type": "Feature",
   "properties": {
    "name": "Williams Pkwy",
    "kind": "minor"
   },
   "geometry": {
    "type": "LineString",
    "coordinates": [
     [
      -79.817692,
      43.658188
     ],
     [
      -79.816619,
      43.659187
     ],
     [
      -79.815541,
      43.660163
     ]
    ]
   }
  },
  {
   "type": "Feature",
   "properties": {
    "name": "Steeles Ave E",
    "kind": "major"
   },
   "geometry": {
    "type": "LineString",
    "coordinates": [
     [
      -79.639306,
      43.749854
     ],
     [
      -79.63945,
      43.749775
     ]
    ]
   }
  },
  {
   "type": "Feature",
   "properties": {
    "name": "Hwy 50",
    "kind": "major"
   },
   "geometry": {
    "type": "LineString",
    "coordinates": [
     [
      -79.639306,
      43.749854
     ],
     [
      -79.63941,
      43.749955
     ]
    ]
   }
  },
  {
   "type": "Feature",
   "properties": {
    "name": "Torbram Rd",
    "kind": "minor"
   },
   "geometry": {
    "type": "LineString",
    "coordinates": [
     [
      -79.748582,
      43.765212
     ],
     [
      -79.750467,
      43.7666
     ]
    ]
   }
  },
  {
   "type": "Feature",
   "properties": {
    "name": "Humberwest Pkwy",
    "kind": "major"
   },
   "geometry": {
    "type": "LineString",
    "coordinates": [
     [
      -79.726674,
      43.770037
     ],
     [
      -79.725655,
      43.770009
     ],
     [
      -79.724876,
      43.769995
     ],
     [
      -79.723928,
      43.769883
     ],
     [
      -79.723204,
      43.769703
     ],
     [
      -79.722559,
      43.769503
     ],
     [
      -79.722002,
      43.769247
     ],
     [
      -79.721509,
      43.768963
     ]
    ]
   }
  },
  {
   "type": "Feature",
   "properties": {
    "name": "Heart Lake Rd",
    "kind": "minor"
   },
   "geometry": {
    "type": "LineString",
    "coordinates": [
     [
      -79.770713,
      43.726147
     ],
     [
      -79.770657,
      43.726829
     ],
     [
      -79.771164,
      43.728619
     ]
    ]
   }
  },
  {
   "type": "Feature",
   "properties": {
    "name": "Heart Lake Rd",
    "kind": "minor"
   },
   "geometry": {
    "type": "LineString",
    "coordinates": [
     [
      -79.771164,
      43.728619
     ],
     [
      -79.771481,
      43.729289
     ],
     [
      -79.77181,
      43.729693
     ],
     [
      -79.772523,
      43.730272
     ]
    ]
   }
  },
  {
   "type": "Feature",
   "properties": {
    "name": "Countryside Dr",
    "kind": "minor"
   },
   "geometry": {
    "type": "LineString",
    "coordinates": [
     [
      -79.774849,
      43.760668
     ],
     [
      -79.770966,
      43.764217
     ]
    ]
   }
  },
  {
   "type": "Feature",
   "properties": {
    "name": "Creditview Rd",
    "kind": "minor"
   },
   "geometry": {
    "type": "LineString",
    "coordinates": [
     [
      -79.846055,
      43.696618
     ],
     [
      -79.848628,
      43.698451
     ]
    ]
   }
  },
  {
   "type": "Feature",
   "properties": {
    "name": "Kennedy Rd",
    "kind": "minor"
   },
   "geometry": {
    "type": "LineString",
    "coordinates": [
     [
      -79.700678,
      43.659843
     ],
     [
      -79.70233,
      43.661059
     ],
     [
      -79.702761,
      43.661329
     ],
     [
      -79.70337,
      43.661662
     ],
     [
      -79.703983,
      43.661967
     ],
     [
      -79.704439,
      43.662207
     ],
     [
      -79.704884,
      43.662469
     ],
     [
      -79.705377,
      43.662781
     ]
    ]
   }
  },
  {
   "type": "Feature",
   "properties": {
    "name": "Creditview Rd",
    "kind": "minor"
   },
   "geometry": {
    "type": "LineString",
    "coordinates": [
     [
      -79.829491,
      43.684308
     ],
     [
      -79.831586,
      43.685896
     ]
    ]
   }
  },
  {
   "type": "Feature",
   "properties": {
    "name": "Creditview Rd",
    "kind": "minor"
   },
   "geometry": {
    "type": "LineString",
    "coordinates": [
     [
      -79.828724,
      43.683738
     ],
     [
      -79.829491,
      43.684308
     ]
    ]
   }
  },
  {
   "type": "Feature",
   "properties": {
    "name": "James Potter Rd",
    "kind": "minor"
   },
   "geometry": {
    "type": "LineString",
    "coordinates": [
     [
      -79.816198,
      43.670604
     ],
     [
      -79.816734,
      43.670087
     ],
     [
      -79.817078,
      43.669798
     ],
     [
      -79.817494,
      43.669536
     ],
     [
      -79.817958,
      43.66932
     ],
     [
      -79.818592,
      43.669114
     ],
     [
      -79.819306,
      43.668998
     ],
     [
      -79.819588,
      43.668977
     ]
    ]
   }
  },
  {
   "type": "Feature",
   "properties": {
    "name": "Bramalea Rd",
    "kind": "minor"
   },
   "geometry": {
    "type": "LineString",
    "coordinates": [
     [
      -79.776171,
      43.768018
     ],
     [
      -79.778419,
      43.769677
     ]
    ]
   }
  },
  {
   "type": "Feature",
   "properties": {
    "name": "Sandalwood Pkwy W",
    "kind": "major"
   },
   "geometry": {
    "type": "LineString",
    "coordinates": [
     [
      -79.837503,
      43.687334
     ],
     [
      -79.837808,
      43.687025
     ],
     [
      -79.83802,
      43.686801
     ]
    ]
   }
  },
  {
   "type": "Feature",
   "properties": {
    "name": "Sandalwood Pkwy W",
    "kind": "major"
   },
   "geometry": {
    "type": "LineString",
    "coordinates": [
     [
      -79.83802,
      43.686801
     ],
     [
      -79.838536,
      43.6861
     ],
     [
      -79.839287,
      43.68499
     ],
     [
      -79.839578,
      43.68457
     ],
     [
      -79.839899,
      43.684157
     ],
     [
      -79.840433,
      43.683608
     ],
     [
      -79.841262,
      43.682868
     ],
     [
      -79.842389,
      43.681815
     ]
    ]
   }
  },
  {
   "type": "Feature",
   "properties": {
    "name": "McVean Dr",
    "kind": "minor"
   },
   "geometry": {
    "type": "LineString",
    "coordinates": [
     [
      -79.694962,
      43.778244
     ],
     [
      -79.697511,
      43.780148
     ]
    ]
   }
  },
  {
   "type": "Feature",
   "properties": {
    "name": "McVean Dr",
    "kind": "minor"
   },
   "geometry": {
    "type": "LineString",
    "coordinates": [
     [
      -79.697511,
      43.780148
     ],
     [
      -79.700414,
      43.78237
     ]
    ]
   }
  },
  {
   "type": "Feature",
   "properties": {
    "name": "Creditview Rd",
    "kind": "minor"
   },
   "geometry": {
    "type": "LineString",
    "coordinates": [
     [
      -79.828319,
      43.679441
     ],
     [
      -79.82811,
      43.679774
     ]
    ]
   }
  },
  {
   "type": "Feature",
   "properties": {
    "name": "Bramalea Rd",
    "kind": "minor"
   },
   "geometry": {
    "type": "LineString",
    "coordinates": [
     [
      -79.778419,
      43.769677
     ],
     [
      -79.781844,
      43.772203
     ]
    ]
   }
  },
  {
   "type": "Feature",
   "properties": {
    "name": "Sandalwood Pkwy W",
    "kind": "major"
   },
   "geometry": {
    "type": "LineString",
    "coordinates": [
     [
      -79.842389,
      43.681815
     ],
     [
      -79.843993,
      43.68032
     ]
    ]
   }
  },
  {
   "type": "Feature",
   "properties": {
    "name": "Sandalwood Pkwy W",
    "kind": "major"
   },
   "geometry": {
    "type": "LineString",
    "coordinates": [
     [
      -79.843993,
      43.68032
     ],
     [
      -79.845673,
      43.678767
     ]
    ]
   }
  },
  {
   "type": "Feature",
   "properties": {
    "name": "Creditview Rd",
    "kind": "minor"
   },
   "geometry": {
    "type": "LineString",
    "coordinates": [
     [
      -79.82811,
      43.679774
     ],
     [
      -79.827753,
      43.680347
     ],
     [
      -79.827546,
      43.680786
     ]
    ]
   }
  },
  {
   "type": "Feature",
   "properties": {
    "name": "Creditview Rd",
    "kind": "minor"
   },
   "geometry": {
    "type": "LineString",
    "coordinates": [
     [
      -79.827546,
      43.680786
     ],
     [
      -79.82743,
      43.681323
     ],
     [
      -79.827499,
      43.682054
     ],
     [
      -79.82755,
      43.682222
     ]
    ]
   }
  },
  {
   "type": "Feature",
   "properties": {
    "name": "Creditview Rd",
    "kind": "minor"
   },
   "geometry": {
    "type": "LineString",
    "coordinates": [
     [
      -79.82893,
      43.67846
     ],
     [
      -79.828896,
      43.678518
     ],
     [
      -79.828319,
      43.679441
     ]
    ]
   }
  },
  {
   "type": "Feature",
   "properties": {
    "name": "Creditview Rd",
    "kind": "minor"
   },
   "geometry": {
    "type": "LineString",
    "coordinates": [
     [
      -79.82897,
      43.676033
     ],
     [
      -79.82911,
      43.676607
     ],
     [
      -79.829231,
      43.67713
     ]
    ]
   }
  },
  {
   "type": "Feature",
   "properties": {
    "name": "Creditview Rd",
    "kind": "minor"
   },
   "geometry": {
    "type": "LineString",
    "coordinates": [
     [
      -79.829231,
      43.67713
     ],
     [
      -79.829181,
      43.67786
     ],
     [
      -79.828994,
      43.678348
     ],
     [
      -79.82893,
      43.67846
     ]
    ]
   }
  },
  {
   "type": "Feature",
   "properties": {
    "name": "Goreway Dr",
    "kind": "minor"
   },
   "geometry": {
    "type": "LineString",
    "coordinates": [
     [
      -79.735227,
      43.79064
     ],
     [
      -79.73665,
      43.791685
     ]
    ]
   }
  },
  {
   "type": "Feature",
   "properties": {
    "name": "Goreway Dr",
    "kind": "minor"
   },
   "geometry": {
    "type": "LineString",
    "coordinates": [
     [
      -79.73665,
      43.791685
     ],
     [
      -79.737916,
      43.792606
     ]
    ]
   }
  },
  {
   "type": "Feature",
   "properties": {
    "name": "James Potter Rd",
    "kind": "minor"
   },
   "geometry": {
    "type": "LineString",
    "coordinates": [
     [
      -79.819588,
      43.668977
     ],
     [
      -79.820233,
      43.668979
     ],
     [
      -79.820866,
      43.669065
     ],
     [
      -79.821422,
      43.669202
     ],
     [
      -79.822068,
      43.669467
     ],
     [
      -79.823174,
      43.670114
     ],
     [
      -79.825032,
      43.671178
     ]
    ]
   }
  },
  {
   "type": "Feature",
   "properties": {
    "name": "Creditview Rd",
    "kind": "minor"
   },
   "geometry": {
    "type": "LineString",
    "coordinates": [
     [
      -79.825032,
      43.671178
     ],
     [
      -79.82592,
      43.67172
     ],
     [
      -79.826332,
      43.671939
     ],
     [
      -79.827044,
      43.67241
     ],
     [
      -79.827049,
      43.672414
     ]
    ]
   }
  },
  {
   "type": "Feature",
   "properties": {
    "name": "Creditview Rd",
    "kind": "minor"
   },
   "geometry": {
    "type": "LineString",
    "coordinates": [
     [
      -79.827049,
      43.672414
     ],
     [
      -79.827591,
      43.672885
     ],
     [
      -79.827891,
      43.673241
     ],
     [
      -79.82838,
      43.674099
     ]
    ]
   }
  },
  {
   "type": "Feature",
   "properties": {
    "name": "Wanless Dr",
    "kind": "minor"
   },
   "geometry": {
    "type": "LineString",
    "coordinates": [
     [
      -79.846055,
      43.696618
     ],
     [
      -79.847037,
      43.695645
     ],
     [
      -79.848087,
      43.694673
     ]
    ]
   }
  },
  {
   "type": "Feature",
   "properties": {
    "name": "Wanless Dr",
    "kind": "minor"
   },
   "geometry": {
    "type": "LineString",
    "coordinates": [
     [
      -79.848087,
      43.694673
     ],
     [
      -79.84993,
      43.692852
     ]
    ]
   }
  },
  {
   "type": "Feature",
   "properties": {
    "name": "McLaughlin Rd N",
    "kind": "minor"
   },
   "geometry": {
    "type": "LineString",
    "coordinates": [
     [
      -79.832151,
      43.721528
     ],
     [
      -79.834796,
      43.723495
     ],
     [
      -79.835292,
      43.723842
     ]
    ]
   }
  },
  {
   "type": "Feature",
   "properties": {
    "name": "Sandalwood Pkwy W",
    "kind": "major"
   },
   "geometry": {
    "type": "LineString",
    "coordinates": [
     [
      -79.835561,
      43.688796
     ],
     [
      -79.836492,
      43.688125
     ],
     [
      -79.836992,
      43.687759
     ],
     [
      -79.837503,
      43.687334
     ]
    ]
   }
  },
  {
   "type": "Feature",
   "properties": {
    "name": "Chinguacousy Rd",
    "kind": "major"
   },
   "geometry": {
    "type": "LineString",
    "coordinates": [
     [
      -79.778194,
      43.664132
     ],
     [
      -79.781494,
      43.666552
     ]
    ]
   }
  },
  {
   "type": "Feature",
   "properties": {
    "name": "Creditview Rd",
    "kind": "minor"
   },
   "geometry": {
    "type": "LineString",
    "coordinates": [
     [
      -79.848628,
      43.698451
     ],
     [
      -79.849685,
      43.699232
     ],
     [
      -79.853028,
      43.701676
     ]
    ]
   }
  },
  {
   "type": "Feature",
   "properties": {
    "name": "Creditview Rd",
    "kind": "minor"
   },
   "geometry": {
    "type": "LineString",
    "coordinates": [
     [
      -79.853028,
      43.701676
     ],
     [
      -79.856907,
      43.704513
     ]
    ]
   }
  },
  {
   "type": "Feature",
   "properties": {
    "name": "Countryside Dr",
    "kind": "minor"
   },
   "geometry": {
    "type": "LineString",
    "coordinates": [
     [
      -79.72505,
      43.804105
     ],
     [
      -79.723221,
      43.805755
     ],
     [
      -79.72305,
      43.805913
     ]
    ]
   }
  },
  {
   "type": "Feature",
   "properties": {
    "name": "Countryside Dr",
    "kind": "minor"
   },
   "geometry": {
    "type": "LineString",
    "coordinates": [
     [
      -79.72305,
      43.805913
     ],
     [
      -79.72163,
      43.807227
     ]
    ]
   }
  },
  {
   "type": "Feature",
   "properties": {
    "name": "Wanless Dr",
    "kind": "minor"
   },
   "geometry": {
    "type": "LineString",
    "coordinates": [
     [
      -79.852117,
      43.690626
     ],
     [
      -79.853911,
      43.689004
     ]
    ]
   }
  },
  {
   "type": "Feature",
   "properties": {
    "name": "Wanless Dr",
    "kind": "minor"
   },
   "geometry": {
    "type": "LineString",
    "coordinates": [
     [
      -79.84993,
      43.692852
     ],
     [
      -79.851349,
      43.691379
     ],
     [
      -79.851598,
      43.691114
     ]
    ]
   }
  },
  {
   "type": "Feature",
   "properties": {
    "name": "Wanless Dr",
    "kind": "minor"
   },
   "geometry": {
    "type": "LineString",
    "coordinates": [
     [
      -79.855139,
      43.687882
     ],
     [
      -79.855409,
      43.687629
     ],
     [
      -79.856442,
      43.686699
     ]
    ]
   }
  },
  {
   "type": "Feature",
   "properties": {
    "name": "Wanless Dr",
    "kind": "minor"
   },
   "geometry": {
    "type": "LineString",
    "coordinates": [
     [
      -79.851598,
      43.691114
     ],
     [
      -79.852117,
      43.690626
     ]
    ]
   }
  },
  {
   "type": "Feature",
   "properties": {
    "name": "Wanless Dr",
    "kind": "minor"
   },
   "geometry": {
    "type": "LineString",
    "coordinates": [
     [
      -79.853911,
      43.689004
     ],
     [
      -79.854306,
      43.688634
     ],
     [
      -79.855139,
      43.687882
     ]
    ]
   }
  },
  {
   "type": "Feature",
   "properties": {
    "name": "McVean Dr",
    "kind": "minor"
   },
   "geometry": {
    "type": "LineString",
    "coordinates": [
     [
      -79.727167,
      43.802238
     ],
     [
      -79.728651,
      43.803333
     ],
     [
      -79.728651,
      43.803333
     ]
    ]
   }
  },
  {
   "type": "Feature",
   "properties": {
    "name": "McVean Dr",
    "kind": "minor"
   },
   "geometry": {
    "type": "LineString",
    "coordinates": [
     [
      -79.728651,
      43.803333
     ],
     [
      -79.731383,
      43.80535
     ]
    ]
   }
  },
  {
   "type": "Feature",
   "properties": {
    "name": "Chinguacousy Rd",
    "kind": "major"
   },
   "geometry": {
    "type": "LineString",
    "coordinates": [
     [
      -79.774374,
      43.66133
     ],
     [
      -79.777494,
      43.663617
     ]
    ]
   }
  },
  {
   "type": "Feature",
   "properties": {
    "name": "Goreway Dr",
    "kind": "minor"
   },
   "geometry": {
    "type": "LineString",
    "coordinates": [
     [
      -79.737916,
      43.792606
     ],
     [
      -79.740195,
      43.794266
     ]
    ]
   }
  },
  {
   "type": "Feature",
   "properties": {
    "name": "Goreway Dr",
    "kind": "minor"
   },
   "geometry": {
    "type": "LineString",
    "coordinates": [
     [
      -79.740195,
      43.794266
     ],
     [
      -79.740795,
      43.794711
     ],
     [
      -79.742565,
      43.79602
     ]
    ]
   }
  },
  {
   "type": "Feature",
   "properties": {
    "name": "McVean Dr",
    "kind": "minor"
   },
   "geometry": {
    "type": "LineString",
    "coordinates": [
     [
      -79.735823,
      43.808648
     ],
     [
      -79.736939,
      43.809482
     ],
     [
      -79.737714,
      43.810026
     ],
     [
      -79.738014,
      43.810173
     ]
    ]
   }
  },
  {
   "type": "Feature",
   "properties": {
    "name": "Sandalwood Pkwy E",
    "kind": "major"
   },
   "geometry": {
    "type": "LineString",
    "coordinates": [
     [
      -79.796949,
      43.724313
     ],
     [
      -79.797551,
      43.723157
     ],
     [
      -79.797791,
      43.722752
     ],
     [
      -79.799814,
      43.720837
     ]
    ]
   }
  },
  {
   "type": "Feature",
   "properties": {
    "name": "Sandalwood Pkwy E",
    "kind": "major"
   },
   "geometry": {
    "type": "LineString",
    "coordinates": [
     [
      -79.796296,
      43.725568
     ],
     [
      -79.796949,
      43.724313
     ]
    ]
   }
  },
  {
   "type": "Feature",
   "properties": {
    "name": "James Potter Rd",
    "kind": "minor"
   },
   "geometry": {
    "type": "LineString",
    "coordinates": [
     [
      -79.798432,
      43.66999
     ],
     [
      -79.798979,
      43.670934
     ],
     [
      -79.799139,
      43.671448
     ],
     [
      -79.799525,
      43.671942
     ],
     [
      -79.799936,
      43.672357
     ],
     [
      -79.800453,
      43.672737
     ]
    ]
   }
  },
  {
   "type": "Feature",
   "properties": {
    "name": "Chinguacousy Rd",
    "kind": "major"
   },
   "geometry": {
    "type": "LineString",
    "coordinates": [
     [
      -79.835311,
      43.706136
     ],
     [
      -79.838839,
      43.70871
     ]
    ]
   }
  },
  {
   "type": "Feature",
   "properties": {
    "name": "Chinguacousy Rd",
    "kind": "major"
   },
   "geometry": {
    "type": "LineString",
    "coordinates": [
     [
      -79.838839,
      43.70871
     ],
     [
      -79.839235,
      43.708999
     ],
     [
      -79.843371,
      43.71205
     ]
    ]
   }
  },
  {
   "type": "Feature",
   "properties": {
    "name": "McVean Dr",
    "kind": "minor"
   },
   "geometry": {
    "type": "LineString",
    "coordinates": [
     [
      -79.731383,
      43.80535
     ],
     [
      -79.733923,
      43.807229
     ],
     [
      -79.735823,
      43.808648
     ]
    ]
   }
  },
  {
   "type": "Feature",
   "properties": {
    "name": "Chinguacousy Rd",
    "kind": "major"
   },
   "geometry": {
    "type": "LineString",
    "coordinates": [
     [
      -79.843371,
      43.71205
     ],
     [
      -79.846135,
      43.714089
     ]
    ]
   }
  },
  {
   "type": "Feature",
   "properties": {
    "name": "Countryside Dr",
    "kind": "minor"
   },
   "geometry": {
    "type": "LineString",
    "coordinates": [
     [
      -79.759612,
      43.775586
     ],
     [
      -79.758618,
      43.776462
     ]
    ]
   }
  },
  {
   "type": "Feature",
   "properties": {
    "name": "Countryside Dr",
    "kind": "minor"
   },
   "geometry": {
    "type": "LineString",
    "coordinates": [
     [
      -79.761,
      43.77436
     ],
     [
      -79.760249,
      43.775023
     ]
    ]
   }
  },
  {
   "type": "Feature",
   "properties": {
    "name": "Countryside Dr",
    "kind": "minor"
   },
   "geometry": {
    "type": "LineString",
    "coordinates": [
     [
      -79.760249,
      43.775023
     ],
     [
      -79.759612,
      43.775586
     ]
    ]
   }
  },
  {
   "type": "Feature",
   "properties": {
    "name": "Creditview Rd",
    "kind": "minor"
   },
   "geometry": {
    "type": "LineString",
    "coordinates": [
     [
      -79.82838,
      43.674099
     ],
     [
      -79.828592,
      43.674747
     ],
     [
      -79.82897,
      43.676033
     ]
    ]
   }
  },
  {
   "type": "Feature",
   "properties": {
    "name": "Bramalea Rd",
    "kind": "minor"
   },
   "geometry": {
    "type": "LineString",
    "coordinates": [
     [
      -79.770966,
      43.764217
     ],
     [
      -79.773015,
      43.765706
     ]
    ]
   }
  },
  {
   "type": "Feature",
   "properties": {
    "name": "Bramalea Rd",
    "kind": "minor"
   },
   "geometry": {
    "type": "LineString",
    "coordinates": [
     [
      -79.773015,
      43.765706
     ],
     [
      -79.774376,
      43.766694
     ],
     [
      -79.77543,
      43.767471
     ]
    ]
   }
  },
  {
   "type": "Feature",
   "properties": {
    "name": "Embleton Rd",
    "kind": "major"
   },
   "geometry": {
    "type": "LineString",
    "coordinates": [
     [
      -79.80112,
      43.643458
     ],
     [
      -79.801588,
      43.643201
     ],
     [
      -79.802045,
      43.642914
     ],
     [
      -79.802527,
      43.642676
     ],
     [
      -79.803148,
      43.642416
     ],
     [
      -79.803507,
      43.642294
     ]
    ]
   }
  },
  {
   "type": "Feature",
   "properties": {
    "name": "Embleton Rd",
    "kind": "major"
   },
   "geometry": {
    "type": "LineString",
    "coordinates": [
     [
      -79.813021,
      43.637455
     ],
     [
      -79.814781,
      43.635879
     ],
     [
      -79.816113,
      43.634659
     ]
    ]
   }
  },
  {
   "type": "Feature",
   "properties": {
    "name": "Embleton Rd",
    "kind": "major"
   },
   "geometry": {
    "type": "LineString",
    "coordinates": [
     [
      -79.798987,
      43.644399
     ],
     [
      -79.799983,
      43.643959
     ],
     [
      -79.800317,
      43.643832
     ]
    ]
   }
  },
  {
   "type": "Feature",
   "properties": {
    "name": "Embleton Rd",
    "kind": "major"
   },
   "geometry": {
    "type": "LineString",
    "coordinates": [
     [
      -79.816113,
      43.634659
     ],
     [
      -79.817629,
      43.633293
     ],
     [
      -79.818167,
      43.632871
     ],
     [
      -79.819321,
      43.632063
     ],
     [
      -79.819796,
      43.631663
     ],
     [
      -79.821527,
      43.630101
     ],
     [
      -79.824639,
      43.627342
     ]
    ]
   }
  },
  {
   "type": "Feature",
   "properties": {
    "name": "Embleton Rd",
    "kind": "major"
   },
   "geometry": {
    "type": "LineString",
    "coordinates": [
     [
      -79.800317,
      43.643832
     ],
     [
      -79.80094,
      43.643555
     ],
     [
      -79.80112,
      43.643458
     ]
    ]
   }
  },
  {
   "type": "Feature",
   "properties": {
    "name": "Embleton Rd",
    "kind": "major"
   },
   "geometry": {
    "type": "LineString",
    "coordinates": [
     [
      -79.811448,
      43.638891
     ],
     [
      -79.813021,
      43.637455
     ]
    ]
   }
  },
  {
   "type": "Feature",
   "properties": {
    "name": "Embleton Rd",
    "kind": "major"
   },
   "geometry": {
    "type": "LineString",
    "coordinates": [
     [
      -79.803507,
      43.642294
     ],
     [
      -79.804184,
      43.642076
     ],
     [
      -79.805085,
      43.641835
     ],
     [
      -79.805698,
      43.641745
     ],
     [
      -79.807133,
      43.641778
     ],
     [
      -79.808099,
      43.64168
     ],
     [
      -79.808605,
      43.641447
     ],
     [
      -79.809076,
      43.641056
     ],
     [
      -79.809685,
      43.640499
     ]
    ]
   }
  },
  {
   "type": "Feature",
   "properties": {
    "name": "Heart Lake Rd",
    "kind": "minor"
   },
   "geometry": {
    "type": "LineString",
    "coordinates": [
     [
      -79.792379,
      43.744893
     ],
     [
      -79.793004,
      43.745328
     ],
     [
      -79.796493,
      43.747887
     ]
    ]
   }
  },
  {
   "type": "Feature",
   "properties": {
    "name": "Embleton Rd",
    "kind": "major"
   },
   "geometry": {
    "type": "LineString",
    "coordinates": [
     [
      -79.809685,
      43.640499
     ],
     [
      -79.810085,
      43.640134
     ]
    ]
   }
  },
  {
   "type": "Feature",
   "properties": {
    "name": "Embleton Rd",
    "kind": "major"
   },
   "geometry": {
    "type": "LineString",
    "coordinates": [
     [
      -79.810085,
      43.640134
     ],
     [
      -79.811448,
      43.638891
     ]
    ]
   }
  },
  {
   "type": "Feature",
   "properties": {
    "name": "Kennedy Rd",
    "kind": "minor"
   },
   "geometry": {
    "type": "LineString",
    "coordinates": [
     [
      -79.807371,
      43.738474
     ],
     [
      -79.80984,
      43.740273
     ]
    ]
   }
  },
  {
   "type": "Feature",
   "properties": {
    "name": "Hurontario St",
    "kind": "major"
   },
   "geometry": {
    "type": "LineString",
    "coordinates": [
     [
      -79.799384,
      43.715097
     ],
     [
      -79.800575,
      43.715976
     ]
    ]
   }
  },
  {
   "type": "Feature",
   "properties": {
    "name": "Bramalea Rd",
    "kind": "minor"
   },
   "geometry": {
    "type": "LineString",
    "coordinates": [
     [
      -79.77543,
      43.767471
     ],
     [
      -79.776171,
      43.768018
     ]
    ]
   }
  },
  {
   "type": "Feature",
   "properties": {
    "name": "Hwy 410",
    "kind": "highway"
   },
   "geometry": {
    "type": "LineString",
    "coordinates": [
     [
      -79.73579,
      43.707849
     ],
     [
      -79.737242,
      43.706977
     ],
     [
      -79.737853,
      43.706709
     ],
     [
      -79.738424,
      43.706589
     ],
     [
      -79.739099,
      43.706723
     ],
     [
      -79.739697,
      43.707053
     ],
     [
      -79.741605,
      43.7082
     ]
    ]
   }
  },
  {
   "type": "Feature",
   "properties": {
    "name": "Hwy 410",
    "kind": "highway"
   },
   "geometry": {
    "type": "LineString",
    "coordinates": [
     [
      -79.738489,
      43.705455
     ],
     [
      -79.735586,
      43.703348
     ],
     [
      -79.734338,
      43.702402
     ]
    ]
   }
  },
  {
   "type": "Feature",
   "properties": {
    "name": "Hwy 407",
    "kind": "highway"
   },
   "geometry": {
    "type": "LineString",
    "coordinates": [
     [
      -79.686126,
      43.683967
     ],
     [
      -79.689119,
      43.686419
     ],
     [
      -79.68952,
      43.686788
     ],
     [
      -79.6899,
      43.687266
     ],
     [
      -79.690124,
      43.687849
     ],
     [
      -79.690098,
      43.688587
     ],
     [
      -79.689045,
      43.690722
     ],
     [
      -79.687901,
      43.69273
     ]
    ]
   }
  },
  {
   "type": "Feature",
   "properties": {
    "name": "Hwy 410",
    "kind": "highway"
   },
   "geometry": {
    "type": "LineString",
    "coordinates": [
     [
      -79.7087,
      43.682536
     ],
     [
      -79.708373,
      43.682114
     ],
     [
      -79.707866,
      43.681347
     ],
     [
      -79.707142,
      43.679962
     ],
     [
      -79.706359,
      43.678242
     ],
     [
      -79.705492,
      43.67626
     ]
    ]
   }
  },
  {
   "type": "Feature",
   "properties": {
    "name": "Hwy 410",
    "kind": "highway"
   },
   "geometry": {
    "type": "LineString",
    "coordinates": [
     [
      -79.700413,
      43.668901
     ],
     [
      -79.700478,
      43.66941
     ]
    ]
   }
  },
  {
   "type": "Feature",
   "properties": {
    "name": "Hwy 407",
    "kind": "highway"
   },
   "geometry": {
    "type": "LineString",
    "coordinates": [
     [
      -79.699847,
      43.668915
     ],
     [
      -79.699626,
      43.669135
     ]
    ]
   }
  },
  {
   "type": "Feature",
   "properties": {
    "name": "Hwy 407",
    "kind": "highway"
   },
   "geometry": {
    "type": "LineString",
    "coordinates": [
     [
      -79.770682,
      43.614704
     ],
     [
      -79.772009,
      43.614399
     ],
     [
      -79.77334,
      43.614147
     ],
     [
      -79.775004,
      43.613868
     ],
     [
      -79.776499,
      43.613556
     ],
     [
      -79.777261,
      43.61337
     ],
     [
      -79.778178,
      43.613114
     ],
     [
      -79.779098,
      43.612818
     ],
     [
      -79.77988,
      43.612528
     ]
    ]
   }
  },
  {
   "type": "Feature",
   "properties": {
    "name": "Hwy 407",
    "kind": "highway"
   },
   "geometry": {
    "type": "LineString",
    "coordinates": [
     [
      -79.700273,
      43.668377
     ],
     [
      -79.700107,
      43.66856
     ]
    ]
   }
  },
  {
   "type": "Feature",
   "properties": {
    "name": "Hwy 407",
    "kind": "highway"
   },
   "geometry": {
    "type": "LineString",
    "coordinates": [
     [
      -79.714142,
      43.655316
     ],
     [
      -79.712346,
      43.656867
     ],
     [
      -79.710552,
      43.658377
     ]
    ]
   }
  },
  {
   "type": "Feature",
   "properties": {
    "name": "Hwy 407",
    "kind": "highway"
   },
   "geometry": {
    "type": "LineString",
    "coordinates": [
     [
      -79.760714,
      43.618495
     ],
     [
      -79.759824,
      43.619134
     ],
     [
      -79.758976,
      43.619787
     ],
     [
      -79.758353,
      43.620297
     ],
     [
      -79.756874,
      43.621573
     ]
    ]
   }
  },
  {
   "type": "Feature",
   "properties": {
    "name": "Hwy 407",
    "kind": "highway"
   },
   "geometry": {
    "type": "LineString",
    "coordinates": [
     [
      -79.736627,
      43.641025
     ],
     [
      -79.735413,
      43.641948
     ],
     [
      -79.734474,
      43.642609
     ]
    ]
   }
  },
  {
   "type": "Feature",
   "properties": {
    "name": "Hwy 407",
    "kind": "highway"
   },
   "geometry": {
    "type": "LineString",
    "coordinates": [
     [
      -79.710552,
      43.658377
     ],
     [
      -79.708466,
      43.660254
     ]
    ]
   }
  },
  {
   "type": "Feature",
   "properties": {
    "name": "Hwy 410",
    "kind": "highway"
   },
   "geometry": {
    "type": "LineString",
    "coordinates": [
     [
      -79.700155,
      43.669168
     ],
     [
      -79.700181,
      43.669186
     ]
    ]
   }
  },
  {
   "type": "Feature",
   "properties": {
    "name": "Hwy 407",
    "kind": "highway"
   },
   "geometry": {
    "type": "LineString",
    "coordinates": [
     [
      -79.700813,
      43.666375
     ],
     [
      -79.70111,
      43.666928
     ],
     [
      -79.700864,
      43.66751
     ],
     [
      -79.700408,
      43.668117
     ]
    ]
   }
  },
  {
   "type": "Feature",
   "properties": {
    "name": "Hwy 407",
    "kind": "highway"
   },
   "geometry": {
    "type": "LineString",
    "coordinates": [
     [
      -79.721914,
      43.649929
     ],
     [
      -79.723244,
      43.649106
     ],
     [
      -79.724621,
      43.648311
     ],
     [
      -79.725318,
      43.647927
     ],
     [
      -79.726035,
      43.647548
     ],
     [
      -79.729347,
      43.645861
     ]
    ]
   }
  },
  {
   "type": "Feature",
   "properties": {
    "name": "Hwy 407",
    "kind": "highway"
   },
   "geometry": {
    "type": "LineString",
    "coordinates": [
     [
      -79.694067,
      43.679444
     ],
     [
      -79.694507,
      43.678202
     ],
     [
      -79.695014,
      43.676979
     ],
     [
      -79.695594,
      43.675761
     ],
     [
      -79.695907,
      43.675165
     ],
     [
      -79.69641,
      43.674275
     ],
     [
      -79.697244,
      43.672948
     ],
     [
      -79.698083,
      43.671755
     ],
     [
      -79.698813,
      43.670818
     ],
     [
      -79.699976,
      43.669386
     ]
    ]
   }
  },
  {
   "type": "Feature",
   "properties": {
    "name": "Hwy 407",
    "kind": "highway"
   },
   "geometry": {
    "type": "LineString",
    "coordinates": [
     [
      -79.703783,
      43.671739
     ],
     [
      -79.703262,
      43.670842
     ],
     [
      -79.702537,
      43.669803
     ],
     [
      -79.702194,
      43.669195
     ],
     [
      -79.702039,
      43.668581
     ],
     [
      -79.7021,
      43.667736
     ],
     [
      -79.702345,
      43.667126
     ],
     [
      -79.702783,
      43.666519
     ],
     [
      -79.703443,
      43.665775
     ],
     [
      -79.70376,
      43.665337
     ],
     [
      -79.704145,
      43.664905
     ]
    ]
   }
  },
  {
   "type": "Feature",
   "properties": {
    "name": "Hwy 407",
    "kind": "highway"
   },
   "geometry": {
    "type": "LineString",
    "coordinates": [
     [
      -79.729347,
      43.645861
     ],
     [
      -79.732306,
      43.644349
     ]
    ]
   }
  },
  {
   "type": "Feature",
   "properties": {
    "name": "Hwy 410",
    "kind": "highway"
   },
   "geometry": {
    "type": "LineString",
    "coordinates": [
     [
      -79.694378,
      43.665442
     ],
     [
      -79.695127,
      43.665833
     ],
     [
      -79.696163,
      43.666448
     ],
     [
      -79.696805,
      43.666847
     ],
     [
      -79.697793,
      43.667516
     ],
     [
      -79.698802,
      43.668162
     ]
    ]
   }
  },
  {
   "type": "Feature",
   "properties": {
    "name": "Hwy 407",
    "kind": "highway"
   },
   "geometry": {
    "type": "LineString",
    "coordinates": [
     [
      -79.762737,
      43.618108
     ],
     [
      -79.76309,
      43.618558
     ],
     [
      -79.763038,
      43.619201
     ],
     [
      -79.762564,
      43.619405
     ],
     [
      -79.761896,
      43.619266
     ],
     [
      -79.761661,
      43.61888
     ],
     [
      -79.761891,
      43.618412
     ],
     [
      -79.76255,
      43.617957
     ]
    ]
   }
  },
  {
   "type": "Feature",
   "properties": {
    "name": "Hwy 407",
    "kind": "highway"
   },
   "geometry": {
    "type": "LineString",
    "coordinates": [
     [
      -79.730874,
      43.644608
     ],
     [
      -79.72899,
      43.645591
     ]
    ]
   }
  },
  {
   "type": "Feature",
   "properties": {
    "name": "Hwy 410",
    "kind": "highway"
   },
   "geometry": {
    "type": "LineString",
    "coordinates": [
     [
      -79.761612,
      43.728635
     ],
     [
      -79.763213,
      43.727442
     ],
     [
      -79.763801,
      43.727092
     ],
     [
      -79.764347,
      43.726938
     ],
     [
      -79.765177,
      43.726963
     ],
     [
      -79.765755,
      43.727171
     ],
     [
      -79.766171,
      43.727454
     ],
     [
      -79.766629,
      43.727897
     ],
     [
      -79.767118,
      43.728389
     ],
     [
      -79.767627,
      43.728831
     ]
    ]
   }
  },
  {
   "type": "Feature",
   "properties": {
    "name": "Hwy 407",
    "kind": "highway"
   },
   "geometry": {
    "type": "LineString",
    "coordinates": [
     [
      -79.732728,
      43.639956
     ],
     [
      -79.733207,
      43.640308
     ],
     [
      -79.733585,
      43.641082
     ]
    ]
   }
  },
  {
   "type": "Feature",
   "properties": {
    "name": "Hwy 407",
    "kind": "highway"
   },
   "geometry": {
    "type": "LineString",
    "coordinates": [
     [
      -79.731967,
      43.639465
     ],
     [
      -79.732728,
      43.639956
     ]
    ]
   }
  },
  {
   "type": "Feature",
   "properties": {
    "name": "Hwy 407",
    "kind": "highway"
   },
   "geometry": {
    "type": "LineString",
    "coordinates": [
     [
      -79.676016,
      43.711596
     ],
     [
      -79.675753,
      43.712322
     ],
     [
      -79.675577,
      43.712937
     ],
     [
      -79.675446,
      43.713498
     ],
     [
      -79.675301,
      43.714343
     ],
     [
      -79.675215,
      43.715193
     ],
     [
      -79.675191,
      43.71603
     ],
     [
      -79.675053,
      43.718504
     ]
    ]
   }
  },
  {
   "type": "Feature",
   "properties": {
    "name": "Hwy 407",
    "kind": "highway"
   },
   "geometry": {
    "type": "LineString",
    "coordinates": [
     [
      -79.675433,
      43.721773
     ],
     [
      -79.67555,
      43.718069
     ]
    ]
   }
  },
  {
   "type": "Feature",
   "properties": {
    "name": "Hwy 410",
    "kind": "highway"
   },
   "geometry": {
    "type": "LineString",
    "coordinates": [
     [
      -79.698802,
      43.668162
     ],
     [
      -79.69981,
      43.668885
     ]
    ]
   }
  },
  {
   "type": "Feature",
   "properties": {
    "name": "Hwy 407",
    "kind": "highway"
   },
   "geometry": {
    "type": "LineString",
    "coordinates": [
     [
      -79.721528,
      43.649659
     ],
     [
      -79.720317,
      43.650487
     ],
     [
      -79.719134,
      43.651338
     ],
     [
      -79.717982,
      43.652212
     ],
     [
      -79.71635,
      43.653499
     ]
    ]
   }
  },
  {
   "type": "Feature",
   "properties": {
    "name": "Hwy 407",
    "kind": "highway"
   },
   "geometry": {
    "type": "LineString",
    "coordinates": [
     [
      -79.740237,
      43.638751
     ],
     [
      -79.741597,
      43.637699
     ],
     [
      -79.742244,
      43.63717
     ]
    ]
   }
  },
  {
   "type": "Feature",
   "properties": {
    "name": "Hwy 410",
    "kind": "highway"
   },
   "geometry": {
    "type": "LineString",
    "coordinates": [
     [
      -79.700408,
      43.668117
     ],
     [
      -79.700411,
      43.668225
     ]
    ]
   }
  },
  {
   "type": "Feature",
   "properties": {
    "name": "Hwy 407",
    "kind": "highway"
   },
   "geometry": {
    "type": "LineString",
    "coordinates": [
     [
      -79.765452,
      43.6199
     ],
     [
      -79.764577,
      43.619112
     ],
     [
      -79.764255,
      43.618653
     ],
     [
      -79.764168,
      43.618079
     ],
     [
      -79.764335,
      43.617593
     ],
     [
      -79.764611,
      43.617247
     ],
     [
      -79.765092,
      43.616886
     ],
     [
      -79.765676,
      43.616528
     ],
     [
      -79.766313,
      43.616201
     ],
     [
      -79.76713,
      43.61585
     ],
     [
      -79.768111,
      43.615478
     ],
     [
      -79.769118,
      43.615138
     ],
     [
      -79.770682,
      43.614704
     ]
    ]
   }
  },
  {
   "type": "Feature",
   "properties": {
    "name": "Hwy 407",
    "kind": "highway"
   },
   "geometry": {
    "type": "LineString",
    "coordinates": [
     [
      -79.757314,
      43.621817
     ],
     [
      -79.758508,
      43.620815
     ],
     [
      -79.75935,
      43.620182
     ],
     [
      -79.75989,
      43.619839
     ],
     [
      -79.760346,
      43.619649
     ],
     [
      -79.760839,
      43.619535
     ],
     [
      -79.761526,
      43.619504
     ],
     [
      -79.762156,
      43.619562
     ],
     [
      -79.762811,
      43.619624
     ],
     [
      -79.763335,
      43.619501
     ],
     [
      -79.764025,
      43.61899
     ]
    ]
   }
  },
  {
   "type": "Feature",
   "properties": {
    "name": "Hwy 407",
    "kind": "highway"
   },
   "geometry": {
    "type": "LineString",
    "coordinates": [
     [
      -79.769056,
      43.614727
     ],
     [
      -79.767448,
      43.615192
     ],
     [
      -79.764521,
      43.616159
     ],
     [
      -79.763884,
      43.616274
     ],
     [
      -79.763002,
      43.616247
     ],
     [
      -79.761987,
      43.616096
     ],
     [
      -79.761269,
      43.616219
     ],
     [
      -79.760719,
      43.616532
     ]
    ]
   }
  },
  {
   "type": "Feature",
   "properties": {
    "name": "Hwy 407",
    "kind": "highway"
   },
   "geometry": {
    "type": "LineString",
    "coordinates": [
     [
      -79.761885,
      43.61745
     ],
     [
      -79.761603,
      43.617065
     ],
     [
      -79.76166,
      43.616462
     ],
     [
      -79.762109,
      43.616291
     ],
     [
      -79.762646,
      43.61639
     ],
     [
      -79.762897,
      43.616742
     ],
     [
      -79.762627,
      43.617219
     ],
     [
      -79.762079,
      43.617592
     ]
    ]
   }
  },
  {
   "type": "Feature",
   "properties": {
    "name": "Hwy 407",
    "kind": "highway"
   },
   "geometry": {
    "type": "LineString",
    "coordinates": [
     [
      -79.762079,
      43.617592
     ],
     [
      -79.760714,
      43.618495
     ]
    ]
   }
  },
  {
   "type": "Feature",
   "properties": {
    "name": "Hwy 407",
    "kind": "highway"
   },
   "geometry": {
    "type": "LineString",
    "coordinates": [
     [
      -79.77988,
      43.612528
     ],
     [
      -79.780443,
      43.612306
     ],
     [
      -79.781541,
      43.611822
     ],
     [
      -79.782266,
      43.611479
     ],
     [
      -79.783378,
      43.610914
     ],
     [
      -79.784841,
      43.610115
     ],
     [
      -79.785555,
      43.609699
     ],
     [
      -79.786602,
      43.609058
     ],
     [
      -79.787975,
      43.608149
     ],
     [
      -79.789552,
      43.607014
     ],
     [
      -79.790166,
      43.606556
     ],
     [
      -79.791371,
      43.605619
     ],
     [
      -79.792881,
      43.604388
     ]
    ]
   }
  },
  {
   "type": "Feature",
   "properties": {
    "name": "Hwy 407",
    "kind": "highway"
   },
   "geometry": {
    "type": "LineString",
    "coordinates": [
     [
      -79.69939,
      43.671487
     ],
     [
      -79.699128,
      43.670993
     ],
     [
      -79.699298,
      43.670482
     ],
     [
      -79.699976,
      43.669386
     ]
    ]
   }
  },
  {
   "type": "Feature",
   "properties": {
    "name": "Hwy 410",
    "kind": "highway"
   },
   "geometry": {
    "type": "LineString",
    "coordinates": [
     [
      -79.763268,
      43.725809
     ],
     [
      -79.763446,
      43.725339
     ],
     [
      -79.763962,
      43.725218
     ],
     [
      -79.765019,
      43.725684
     ]
    ]
   }
  },
  {
   "type": "Feature",
   "properties": {
    "name": "Hwy 407",
    "kind": "highway"
   },
   "geometry": {
    "type": "LineString",
    "coordinates": [
     [
      -79.701201,
      43.671386
     ],
     [
      -79.700788,
      43.671669
     ],
     [
      -79.700247,
      43.671766
     ],
     [
      -79.699547,
      43.671596
     ],
     [
      -79.69939,
      43.671487
     ]
    ]
   }
  },
  {
   "type": "Feature",
   "properties": {
    "name": "Hwy 407",
    "kind": "highway"
   },
   "geometry": {
    "type": "LineString",
    "coordinates": [
     [
      -79.694318,
      43.665414
     ],
     [
      -79.694356,
      43.665464
     ]
    ]
   }
  },
  {
   "type": "Feature",
   "properties": {
    "name": "Hwy 407",
    "kind": "highway"
   },
   "geometry": {
    "type": "LineString",
    "coordinates": [
     [
      -79.695268,
      43.690744
     ],
     [
      -79.692731,
      43.688559
     ],
     [
      -79.692364,
      43.688104
     ],
     [
      -79.692145,
      43.687588
     ],
     [
      -79.692149,
      43.686733
     ],
     [
      -79.692737,
      43.684169
     ],
     [
      -79.693377,
      43.681705
     ]
    ]
   }
  },
  {
   "type": "Feature",
   "properties": {
    "name": "Hwy 407",
    "kind": "highway"
   },
   "geometry": {
    "type": "LineString",
    "coordinates": [
     [
      -79.683737,
      43.699913
     ],
     [
      -79.686087,
      43.696289
     ],
     [
      -79.688693,
      43.692397
     ]
    ]
   }
  },
  {
   "type": "Feature",
   "properties": {
    "name": "Hwy 407",
    "kind": "highway"
   },
   "geometry": {
    "type": "LineString",
    "coordinates": [
     [
      -79.688693,
      43.692397
     ],
     [
      -79.689949,
      43.690291
     ],
     [
      -79.690326,
      43.689625
     ],
     [
      -79.691022,
      43.688287
     ],
     [
      -79.691264,
      43.687772
     ]
    ]
   }
  },
  {
   "type": "Feature",
   "properties": {
    "name": "Hwy 410",
    "kind": "highway"
   },
   "geometry": {
    "type": "LineString",
    "coordinates": [
     [
      -79.695904,
      43.664626
     ],
     [
      -79.696026,
      43.664776
     ]
    ]
   }
  },
  {
   "type": "Feature",
   "properties": {
    "name": "Hwy 410",
    "kind": "highway"
   },
   "geometry": {
    "type": "LineString",
    "coordinates": [
     [
      -79.696026,
      43.664776
     ],
     [
      -79.696485,
      43.665371
     ],
     [
      -79.69699,
      43.665935
     ],
     [
      -79.697578,
      43.666487
     ],
     [
      -79.699237,
      43.667924
     ]
    ]
   }
  },
  {
   "type": "Feature",
   "properties": {
    "name": "Hwy 410",
    "kind": "highway"
   },
   "geometry": {
    "type": "LineString",
    "coordinates": [
     [
      -79.694318,
      43.665414
     ],
     [
      -79.694378,
      43.665442
     ]
    ]
   }
  },
  {
   "type": "Feature",
   "properties": {
    "name": "Hwy 407",
    "kind": "highway"
   },
   "geometry": {
    "type": "LineString",
    "coordinates": [
     [
      -79.703963,
      43.675392
     ],
     [
      -79.70518,
      43.677144
     ]
    ]
   }
  },
  {
   "type": "Feature",
   "properties": {
    "name": "Hwy 410",
    "kind": "highway"
   },
   "geometry": {
    "type": "LineString",
    "coordinates": [
     [
      -79.741605,
      43.7082
     ],
     [
      -79.744671,
      43.710417
     ],
     [
      -79.747562,
      43.712587
     ]
    ]
   }
  },
  {
   "type": "Feature",
   "properties": {
    "name": "Hwy 410",
    "kind": "highway"
   },
   "geometry": {
    "type": "LineString",
    "coordinates": [
     [
      -79.748888,
      43.713047
     ],
     [
      -79.747949,
      43.71238
     ]
    ]
   }
  },
  {
   "type": "Feature",
   "properties": {
    "name": "Hwy 410",
    "kind": "highway"
   },
   "geometry": {
    "type": "LineString",
    "coordinates": [
     [
      -79.752629,
      43.715209
     ],
     [
      -79.751708,
      43.714586
     ],
     [
      -79.751157,
      43.714297
     ],
     [
      -79.750464,
      43.713992
     ],
     [
      -79.750012,
      43.71373
     ],
     [
      -79.74928,
      43.713263
     ],
     [
      -79.748888,
      43.713047
     ]
    ]
   }
  },
  {
   "type": "Feature",
   "properties": {
    "name": "Hwy 410",
    "kind": "highway"
   },
   "geometry": {
    "type": "LineString",
    "coordinates": [
     [
      -79.700588,
      43.669888
     ],
     [
      -79.700884,
      43.670743
     ],
     [
      -79.701201,
      43.671386
     ]
    ]
   }
  },
  {
   "type": "Feature",
   "properties": {
    "name": "Hwy 407",
    "kind": "highway"
   },
   "geometry": {
    "type": "LineString",
    "coordinates": [
     [
      -79.69894,
      43.666588
     ],
     [
      -79.698433,
      43.666168
     ],
     [
      -79.697582,
      43.665613
     ],
     [
      -79.696026,
      43.664776
     ]
    ]
   }
  },
  {
   "type": "Feature",
   "properties": {
    "name": "Hwy 410",
    "kind": "highway"
   },
   "geometry": {
    "type": "LineString",
    "coordinates": [
     [
      -79.755291,
      43.717822
     ],
     [
      -79.754077,
      43.716692
     ],
     [
      -79.753298,
      43.715752
     ],
     [
      -79.752629,
      43.715209
     ]
    ]
   }
  },
  {
   "type": "Feature",
   "properties": {
    "name": "Hwy 407",
    "kind": "highway"
   },
   "geometry": {
    "type": "LineString",
    "coordinates": [
     [
      -79.736527,
      43.641006
     ],
     [
      -79.735862,
      43.640661
     ],
     [
      -79.735413,
      43.640228
     ],
     [
      -79.735383,
      43.639647
     ],
     [
      -79.735851,
      43.639202
     ],
     [
      -79.736392,
      43.639091
     ]
    ]
   }
  },
  {
   "type": "Feature",
   "properties": {
    "name": "Hwy 410",
    "kind": "highway"
   },
   "geometry": {
    "type": "LineString",
    "coordinates": [
     [
      -79.716062,
      43.688809
     ],
     [
      -79.714294,
      43.687245
     ],
     [
      -79.713949,
      43.686778
     ],
     [
      -79.713815,
      43.685565
     ],
     [
      -79.713341,
      43.684943
     ],
     [
      -79.712817,
      43.684627
     ]
    ]
   }
  },
  {
   "type": "Feature",
   "properties": {
    "name": "Hwy 410",
    "kind": "highway"
   },
   "geometry": {
    "type": "LineString",
    "coordinates": [
     [
      -79.737926,
      43.705512
     ],
     [
      -79.73821,
      43.7057
     ]
    ]
   }
  },
  {
   "type": "Feature",
   "properties": {
    "name": "Hwy 410",
    "kind": "highway"
   },
   "geometry": {
    "type": "LineString",
    "coordinates": [
     [
      -79.748402,
      43.713218
     ],
     [
      -79.751644,
      43.715581
     ]
    ]
   }
  },
  {
   "type": "Feature",
   "properties": {
    "name": "Hwy 407",
    "kind": "highway"
   },
   "geometry": {
    "type": "LineString",
    "coordinates": [
     [
      -79.69894,
      43.666588
     ],
     [
      -79.699271,
      43.666276
     ],
     [
      -79.699774,
      43.666116
     ],
     [
      -79.700401,
      43.666163
     ],
     [
      -79.700813,
      43.666375
     ]
    ]
   }
  },
  {
   "type": "Feature",
   "properties": {
    "name": "Hwy 410",
    "kind": "highway"
   },
   "geometry": {
    "type": "LineString",
    "coordinates": [
     [
      -79.703873,
      43.663808
     ],
     [
      -79.70238,
      43.66475
     ],
     [
      -79.701821,
      43.665166
     ],
     [
      -79.701396,
      43.665544
     ],
     [
      -79.700933,
      43.66616
     ],
     [
      -79.700813,
      43.666375
     ]
    ]
   }
  },
  {
   "type": "Feature",
   "properties": {
    "name": "Hwy 407",
    "kind": "highway"
   },
   "geometry": {
    "type": "LineString",
    "coordinates": [
     [
      -79.700621,
      43.668637
     ],
     [
      -79.700404,
      43.668477
     ]
    ]
   }
  },
  {
   "type": "Feature",
   "properties": {
    "name": "Hwy 407",
    "kind": "highway"
   },
   "geometry": {
    "type": "LineString",
    "coordinates": [
     [
      -79.700404,
      43.668477
     ],
     [
      -79.700273,
      43.668377
     ]
    ]
   }
  },
  {
   "type": "Feature",
   "properties": {
    "name": "Hwy 410",
    "kind": "highway"
   },
   "geometry": {
    "type": "LineString",
    "coordinates": [
     [
      -79.700067,
      43.668563
     ],
     [
      -79.699237,
      43.667924
     ]
    ]
   }
  },
  {
   "type": "Feature",
   "properties": {
    "name": "Hwy 407",
    "kind": "highway"
   },
   "geometry": {
    "type": "LineString",
    "coordinates": [
     [
      -79.792562,
      43.604133
     ],
     [
      -79.791148,
      43.60532
     ],
     [
      -79.789433,
      43.606643
     ],
     [
      -79.788256,
      43.607491
     ],
     [
      -79.787605,
      43.607938
     ],
     [
      -79.78628,
      43.608802
     ],
     [
      -79.785606,
      43.609214
     ],
     [
      -79.784216,
      43.610018
     ],
     [
      -79.783511,
      43.610402
     ],
     [
      -79.782186,
      43.611091
     ],
     [
      -79.781567,
      43.611395
     ],
     [
      -79.780644,
      43.611817
     ],
     [
      -79.779515,
      43.612263
     ]
    ]
   }
  },
  {
   "type": "Feature",
   "properties": {
    "name": "Hwy 407",
    "kind": "highway"
   },
   "geometry": {
    "type": "LineString",
    "coordinates": [
     [
      -79.673261,
      43.726821
     ],
     [
      -79.672927,
      43.727344
     ],
     [
      -79.672374,
      43.728089
     ],
     [
      -79.671796,
      43.728771
     ],
     [
      -79.671193,
      43.729404
     ]
    ]
   }
  },
  {
   "type": "Feature",
   "properties": {
    "name": "Hwy 410",
    "kind": "highway"
   },
   "geometry": {
    "type": "LineString",
    "coordinates": [
     [
      -79.733125,
      43.701506
     ],
     [
      -79.727197,
      43.697078
     ]
    ]
   }
  },
  {
   "type": "Feature",
   "properties": {
    "name": "Hwy 410",
    "kind": "highway"
   },
   "geometry": {
    "type": "LineString",
    "coordinates": [
     [
      -79.691038,
      43.662324
     ],
     [
      -79.693681,
      43.664268
     ],
     [
      -79.694776,
      43.665091
     ]
    ]
   }
  },
  {
   "type": "Feature",
   "properties": {
    "name": "Hwy 407",
    "kind": "highway"
   },
   "geometry": {
    "type": "LineString",
    "coordinates": [
     [
      -79.675053,
      43.718504
     ],
     [
      -79.674961,
      43.720516
     ]
    ]
   }
  },
  {
   "type": "Feature",
   "properties": {
    "name": "Hwy 407",
    "kind": "highway"
   },
   "geometry": {
    "type": "LineString",
    "coordinates": [
     [
      -79.705577,
      43.662925
     ],
     [
      -79.704418,
      43.664048
     ],
     [
      -79.702924,
      43.665544
     ],
     [
      -79.701469,
      43.667067
     ],
     [
      -79.700411,
      43.668225
     ]
    ]
   }
  },
  {
   "type": "Feature",
   "properties": {
    "name": "Hwy 407",
    "kind": "highway"
   },
   "geometry": {
    "type": "LineString",
    "coordinates": [
     [
      -79.700161,
      43.669541
     ],
     [
      -79.700181,
      43.669186
     ]
    ]
   }
  },
  {
   "type": "Feature",
   "properties": {
    "name": "Hwy 407",
    "kind": "highway"
   },
   "geometry": {
    "type": "LineString",
    "coordinates": [
     [
      -79.737167,
      43.641121
     ],
     [
      -79.737257,
      43.641158
     ]
    ]
   }
  },
  {
   "type": "Feature",
   "properties": {
    "name": "Hwy 407",
    "kind": "highway"
   },
   "geometry": {
    "type": "LineString",
    "coordinates": [
     [
      -79.708466,
      43.660254
     ],
     [
      -79.705577,
      43.662925
     ]
    ]
   }
  },
  {
   "type": "Feature",
   "properties": {
    "name": "Hwy 407",
    "kind": "highway"
   },
   "geometry": {
    "type": "LineString",
    "coordinates": [
     [
      -79.699976,
      43.669386
     ],
     [
      -79.700155,
      43.669168
     ]
    ]
   }
  },
  {
   "type": "Feature",
   "properties": {
    "name": "Hwy 410",
    "kind": "highway"
   },
   "geometry": {
    "type": "LineString",
    "coordinates": [
     [
      -79.751644,
      43.715581
     ],
     [
      -79.751851,
      43.71574
     ]
    ]
   }
  },
  {
   "type": "Feature",
   "properties": {
    "name": "Hwy 410",
    "kind": "highway"
   },
   "geometry": {
    "type": "LineString",
    "coordinates": [
     [
      -79.700412,
      43.668824
     ],
     [
      -79.700124,
      43.668629
     ]
    ]
   }
  },
  {
   "type": "Feature",
   "properties": {
    "name": "Hwy 410",
    "kind": "highway"
   },
   "geometry": {
    "type": "LineString",
    "coordinates": [
     [
      -79.694776,
      43.665091
     ],
     [
      -79.698208,
      43.667664
     ],
     [
      -79.698802,
      43.668162
     ]
    ]
   }
  },
  {
   "type": "Feature",
   "properties": {
    "name": "Hwy 410",
    "kind": "highway"
   },
   "geometry": {
    "type": "LineString",
    "coordinates": [
     [
      -79.742041,
      43.708002
     ],
     [
      -79.738666,
      43.70557
     ]
    ]
   }
  },
  {
   "type": "Feature",
   "properties": {
    "name": "Hwy 410",
    "kind": "highway"
   },
   "geometry": {
    "type": "LineString",
    "coordinates": [
     [
      -79.738666,
      43.70557
     ],
     [
      -79.738489,
      43.705455
     ]
    ]
   }
  },
  {
   "type": "Feature",
   "properties": {
    "name": "Hwy 410",
    "kind": "highway"
   },
   "geometry": {
    "type": "LineString",
    "coordinates": [
     [
      -79.711966,
      43.685391
     ],
     [
      -79.712611,
      43.685075
     ],
     [
      -79.713345,
      43.6852
     ],
     [
      -79.713476,
      43.68571
     ],
     [
      -79.713133,
      43.685976
     ],
     [
      -79.712548,
      43.685938
     ],
     [
      -79.711888,
      43.685692
     ]
    ]
   }
  },
  {
   "type": "Feature",
   "properties": {
    "name": "Hwy 410",
    "kind": "highway"
   },
   "geometry": {
    "type": "LineString",
    "coordinates": [
     [
      -79.751851,
      43.71574
     ],
     [
      -79.755671,
      43.718596
     ]
    ]
   }
  },
  {
   "type": "Feature",
   "properties": {
    "name": "Hwy 407",
    "kind": "highway"
   },
   "geometry": {
    "type": "LineString",
    "coordinates": [
     [
      -79.699626,
      43.669135
     ],
     [
      -79.699976,
      43.669386
     ]
    ]
   }
  },
  {
   "type": "Feature",
   "properties": {
    "name": "Hwy 410",
    "kind": "highway"
   },
   "geometry": {
    "type": "LineString",
    "coordinates": [
     [
      -79.701201,
      43.671386
     ],
     [
      -79.701561,
      43.671975
     ],
     [
      -79.702445,
      43.673205
     ],
     [
      -79.703963,
      43.675392
     ]
    ]
   }
  },
  {
   "type": "Feature",
   "properties": {
    "name": "Hwy 410",
    "kind": "highway"
   },
   "geometry": {
    "type": "LineString",
    "coordinates": [
     [
      -79.751286,
      43.716148
     ],
     [
      -79.750493,
      43.716176
     ],
     [
      -79.750067,
      43.71586
     ],
     [
      -79.750281,
      43.71539
     ],
     [
      -79.750858,
      43.715302
     ],
     [
      -79.751644,
      43.715581
     ]
    ]
   }
  },
  {
   "type": "Feature",
   "properties": {
    "name": "Hwy 407",
    "kind": "highway"
   },
   "geometry": {
    "type": "LineString",
    "coordinates": [
     [
      -79.673674,
      43.727128
     ],
     [
      -79.674103,
      43.726453
     ],
     [
      -79.67449,
      43.725714
     ],
     [
      -79.674801,
      43.724957
     ],
     [
      -79.675037,
      43.724186
     ]
    ]
   }
  },
  {
   "type": "Feature",
   "properties": {
    "name": "Hwy 407",
    "kind": "highway"
   },
   "geometry": {
    "type": "LineString",
    "coordinates": [
     [
      -79.734474,
      43.642609
     ],
     [
      -79.733638,
      43.643135
     ],
     [
      -79.733027,
      43.643488
     ],
     [
      -79.732398,
      43.643828
     ],
     [
      -79.730874,
      43.644608
     ]
    ]
   }
  },
  {
   "type": "Feature",
   "properties": {
    "name": "Hwy 407",
    "kind": "highway"
   },
   "geometry": {
    "type": "LineString",
    "coordinates": [
     [
      -79.76255,
      43.617957
     ],
     [
      -79.763964,
      43.617157
     ],
     [
      -79.765589,
      43.616374
     ]
    ]
   }
  },
  {
   "type": "Feature",
   "properties": {
    "name": "Hwy 407",
    "kind": "highway"
   },
   "geometry": {
    "type": "LineString",
    "coordinates": [
     [
      -79.69557,
      43.676413
     ],
     [
      -79.695815,
      43.676011
     ],
     [
      -79.696344,
      43.675211
     ],
     [
      -79.696799,
      43.674572
     ],
     [
      -79.697202,
      43.674046
     ],
     [
      -79.697821,
      43.673287
     ],
     [
      -79.699089,
      43.671866
     ],
     [
      -79.69939,
      43.671487
     ]
    ]
   }
  },
  {
   "type": "Feature",
   "properties": {
    "name": "Hwy 410",
    "kind": "highway"
   },
   "geometry": {
    "type": "LineString",
    "coordinates": [
     [
      -79.700124,
      43.668629
     ],
     [
      -79.700085,
      43.668591
     ]
    ]
   }
  },
  {
   "type": "Feature",
   "properties": {
    "name": "Hwy 410",
    "kind": "highway"
   },
   "geometry": {
    "type": "LineString",
    "coordinates": [
     [
      -79.700085,
      43.668591
     ],
     [
      -79.700067,
      43.668563
     ]
    ]
   }
  },
  {
   "type": "Feature",
   "properties": {
    "name": "Hwy 407",
    "kind": "highway"
   },
   "geometry": {
    "type": "LineString",
    "coordinates": [
     [
      -79.694785,
      43.666009
     ],
     [
      -79.695457,
      43.666755
     ],
     [
      -79.696474,
      43.667609
     ],
     [
      -79.697068,
      43.667953
     ],
     [
      -79.697493,
      43.668133
     ],
     [
      -79.698493,
      43.668505
     ],
     [
      -79.699026,
      43.66875
     ],
     [
      -79.699626,
      43.669135
     ]
    ]
   }
  },
  {
   "type": "Feature",
   "properties": {
    "name": "Hwy 407",
    "kind": "highway"
   },
   "geometry": {
    "type": "LineString",
    "coordinates": [
     [
      -79.779515,
      43.612263
     ],
     [
      -79.778061,
      43.612757
     ],
     [
      -79.777243,
      43.612996
     ],
     [
      -79.776256,
      43.613247
     ],
     [
      -79.775194,
      43.613465
     ],
     [
      -79.772119,
      43.614013
     ],
     [
      -79.771346,
      43.614171
     ],
     [
      -79.77058,
      43.614343
     ],
     [
      -79.769056,
      43.614727
     ]
    ]
   }
  },
  {
   "type": "Feature",
   "properties": {
    "name": "Hwy 407",
    "kind": "highway"
   },
   "geometry": {
    "type": "LineString",
    "coordinates": [
     [
      -79.69981,
      43.668885
     ],
     [
      -79.699626,
      43.669135
     ]
    ]
   }
  },
  {
   "type": "Feature",
   "properties": {
    "name": "Hwy 410",
    "kind": "highway"
   },
   "geometry": {
    "type": "LineString",
    "coordinates": [
     [
      -79.700411,
      43.668225
     ],
     [
      -79.700404,
      43.668477
     ]
    ]
   }
  },
  {
   "type": "Feature",
   "properties": {
    "name": "Hwy 410",
    "kind": "highway"
   },
   "geometry": {
    "type": "LineString",
    "coordinates": [
     [
      -79.748402,
      43.713218
     ],
     [
      -79.749172,
      43.713978
     ],
     [
      -79.749589,
      43.714451
     ],
     [
      -79.749752,
      43.714939
     ],
     [
      -79.749796,
      43.71579
     ],
     [
      -79.75026,
      43.716416
     ],
     [
      -79.750602,
      43.71665
     ]
    ]
   }
  },
  {
   "type": "Feature",
   "properties": {
    "name": "Hwy 407",
    "kind": "highway"
   },
   "geometry": {
    "type": "LineString",
    "coordinates": [
     [
      -79.759714,
      43.615783
     ],
     [
      -79.760355,
      43.616574
     ],
     [
      -79.76058,
      43.617103
     ],
     [
      -79.760453,
      43.617808
     ],
     [
      -79.760079,
      43.618331
     ],
     [
      -79.759164,
      43.619266
     ],
     [
      -79.75765,
      43.620808
     ],
     [
      -79.756874,
      43.621573
     ]
    ]
   }
  },
  {
   "type": "Feature",
   "properties": {
    "name": "Hwy 407",
    "kind": "highway"
   },
   "geometry": {
    "type": "LineString",
    "coordinates": [
     [
      -79.700588,
      43.669888
     ],
     [
      -79.701161,
      43.670435
     ],
     [
      -79.701377,
      43.670852
     ],
     [
      -79.701201,
      43.671386
     ]
    ]
   }
  },
  {
   "type": "Feature",
   "properties": {
    "name": "Hwy 410",
    "kind": "highway"
   },
   "geometry": {
    "type": "LineString",
    "coordinates": [
     [
      -79.737883,
      43.705983
     ],
     [
      -79.737344,
      43.706172
     ],
     [
      -79.736745,
      43.706147
     ],
     [
      -79.736437,
      43.705808
     ],
     [
      -79.736642,
      43.705393
     ],
     [
      -79.737264,
      43.705302
     ],
     [
      -79.737926,
      43.705512
     ]
    ]
   }
  },
  {
   "type": "Feature",
   "properties": {
    "name": "Hwy 407",
    "kind": "highway"
   },
   "geometry": {
    "type": "LineString",
    "coordinates": [
     [
      -79.668282,
      43.731949
     ],
     [
      -79.669243,
      43.731339
     ],
     [
      -79.670176,
      43.730688
     ],
     [
      -79.670771,
      43.730245
     ],
     [
      -79.671397,
      43.729721
     ],
     [
      -79.67199,
      43.72917
     ],
     [
      -79.672546,
      43.728587
     ],
     [
      -79.673051,
      43.727989
     ],
     [
      -79.673674,
      43.727128
     ]
    ]
   }
  },
  {
   "type": "Feature",
   "properties": {
    "name": "Hwy 410",
    "kind": "highway"
   },
   "geometry": {
    "type": "LineString",
    "coordinates": [
     [
      -79.742041,
      43.708002
     ],
     [
      -79.741206,
      43.707264
     ],
     [
      -79.740797,
      43.706836
     ],
     [
      -79.74057,
      43.706416
     ],
     [
      -79.740493,
      43.705483
     ],
     [
      -79.740236,
      43.704936
     ],
     [
      -79.739546,
      43.704499
     ]
    ]
   }
  },
  {
   "type": "Feature",
   "properties": {
    "name": "Hwy 410",
    "kind": "highway"
   },
   "geometry": {
    "type": "LineString",
    "coordinates": [
     [
      -79.700458,
      43.668856
     ],
     [
      -79.700412,
      43.668824
     ]
    ]
   }
  },
  {
   "type": "Feature",
   "properties": {
    "name": "Hwy 410",
    "kind": "highway"
   },
   "geometry": {
    "type": "LineString",
    "coordinates": [
     [
      -79.747562,
      43.712587
     ],
     [
      -79.7478,
      43.712743
     ],
     [
      -79.748402,
      43.713218
     ]
    ]
   }
  },
  {
   "type": "Feature",
   "properties": {
    "name": "Hwy 410",
    "kind": "highway"
   },
   "geometry": {
    "type": "LineString",
    "coordinates": [
     [
      -79.73821,
      43.7057
     ],
     [
      -79.741605,
      43.7082
     ]
    ]
   }
  },
  {
   "type": "Feature",
   "properties": {
    "name": "Hwy 407",
    "kind": "highway"
   },
   "geometry": {
    "type": "LineString",
    "coordinates": [
     [
      -79.671193,
      43.729404
     ],
     [
      -79.670465,
      43.730026
     ],
     [
      -79.669718,
      43.730584
     ],
     [
      -79.668882,
      43.731133
     ],
     [
      -79.667927,
      43.731684
     ]
    ]
   }
  },
  {
   "type": "Feature",
   "properties": {
    "name": "Hwy 410",
    "kind": "highway"
   },
   "geometry": {
    "type": "LineString",
    "coordinates": [
     [
      -79.761092,
      43.722121
     ],
     [
      -79.763797,
      43.724167
     ],
     [
      -79.76449,
      43.724778
     ],
     [
      -79.765261,
      43.725494
     ]
    ]
   }
  },
  {
   "type": "Feature",
   "properties": {
    "name": "Hwy 407",
    "kind": "highway"
   },
   "geometry": {
    "type": "LineString",
    "coordinates": [
     [
      -79.737277,
      43.64114
     ],
     [
      -79.73776,
      43.640741
     ],
     [
      -79.738818,
      43.639942
     ],
     [
      -79.740237,
      43.638751
     ]
    ]
   }
  },
  {
   "type": "Feature",
   "properties": {
    "name": "Hwy 407",
    "kind": "highway"
   },
   "geometry": {
    "type": "LineString",
    "coordinates": [
     [
      -79.673347,
      43.726885
     ],
     [
      -79.672926,
      43.727497
     ],
     [
      -79.672361,
      43.728206
     ],
     [
      -79.671734,
      43.728888
     ],
     [
      -79.671193,
      43.729404
     ]
    ]
   }
  },
  {
   "type": "Feature",
   "properties": {
    "name": "Hwy 410",
    "kind": "highway"
   },
   "geometry": {
    "type": "LineString",
    "coordinates": [
     [
      -79.708104,
      43.682651
     ],
     [
      -79.709213,
      43.684289
     ],
     [
      -79.709384,
      43.684989
     ],
     [
      -79.709441,
      43.686065
     ],
     [
      -79.709699,
      43.686433
     ],
     [
      -79.71037,
      43.686855
     ]
    ]
   }
  },
  {
   "type": "Feature",
   "properties": {
    "name": "Hwy 407",
    "kind": "highway"
   },
   "geometry": {
    "type": "LineString",
    "coordinates": [
     [
      -79.72899,
      43.645591
     ],
     [
      -79.727438,
      43.646402
     ],
     [
      -79.725909,
      43.647173
     ],
     [
      -79.724411,
      43.647971
     ],
     [
      -79.722947,
      43.648801
     ],
     [
      -79.721528,
      43.649659
     ]
    ]
   }
  },
  {
   "type": "Feature",
   "properties": {
    "name": "Hwy 410",
    "kind": "highway"
   },
   "geometry": {
    "type": "LineString",
    "coordinates": [
     [
      -79.755671,
      43.718596
     ],
     [
      -79.75599,
      43.7188
     ],
     [
      -79.761064,
      43.722594
     ]
    ]
   }
  },
  {
   "type": "Feature",
   "properties": {
    "name": "Hwy 407",
    "kind": "highway"
   },
   "geometry": {
    "type": "LineString",
    "coordinates": [
     [
      -79.655079,
      43.73988
     ],
     [
      -79.657222,
      43.738663
     ],
     [
      -79.659325,
      43.737553
     ],
     [
      -79.660193,
      43.737311
     ],
     [
      -79.661356,
      43.737235
     ],
     [
      -79.662043,
      43.737036
     ],
     [
      -79.662467,
      43.736775
     ],
     [
      -79.662661,
      43.736638
     ]
    ]
   }
  },
  {
   "type": "Feature",
   "properties": {
    "name": "Hwy 407",
    "kind": "highway"
   },
   "geometry": {
    "type": "LineString",
    "coordinates": [
     [
      -79.742244,
      43.63717
     ],
     [
      -79.742935,
      43.636552
     ],
     [
      -79.743395,
      43.636103
     ],
     [
      -79.743843,
      43.635635
     ],
     [
      -79.745161,
      43.634128
     ],
     [
      -79.746409,
      43.632642
     ],
     [
      -79.748965,
      43.629654
     ],
     [
      -79.750023,
      43.628508
     ],
     [
      -79.750757,
      43.627774
     ],
     [
      -79.751713,
      43.626879
     ],
     [
      -79.754205,
      43.624606
     ],
     [
      -79.757093,
      43.622017
     ]
    ]
   }
  },
  {
   "type": "Feature",
   "properties": {
    "name": "Hwy 407",
    "kind": "highway"
   },
   "geometry": {
    "type": "LineString",
    "coordinates": [
     [
      -79.736392,
      43.639091
     ],
     [
      -79.737049,
      43.639225
     ],
     [
      -79.73745,
      43.639576
     ],
     [
      -79.737348,
      43.640232
     ],
     [
      -79.736806,
      43.640798
     ],
     [
      -79.736527,
      43.641006
     ]
    ]
   }
  },
  {
   "type": "Feature",
   "properties": {
    "name": "Hwy 410",
    "kind": "highway"
   },
   "geometry": {
    "type": "LineString",
    "coordinates": [
     [
      -79.700478,
      43.66941
     ],
     [
      -79.700588,
      43.669888
     ]
    ]
   }
  },
  {
   "type": "Feature",
   "properties": {
    "name": "Hwy 410",
    "kind": "highway"
   },
   "geometry": {
    "type": "LineString",
    "coordinates": [
     [
      -79.699237,
      43.667924
     ],
     [
      -79.697401,
      43.666606
     ],
     [
      -79.695056,
      43.664842
     ]
    ]
   }
  },
  {
   "type": "Feature",
   "properties": {
    "name": "Hwy 407",
    "kind": "highway"
   },
   "geometry": {
    "type": "LineString",
    "coordinates": [
     [
      -79.708466,
      43.660254
     ],
     [
      -79.707567,
      43.661049
     ],
     [
      -79.706695,
      43.661773
     ],
     [
      -79.705377,
      43.662781
     ]
    ]
   }
  },
  {
   "type": "Feature",
   "properties": {
    "name": "Hwy 407",
    "kind": "highway"
   },
   "geometry": {
    "type": "LineString",
    "coordinates": [
     [
      -79.769056,
      43.614727
     ],
     [
      -79.768133,
      43.615005
     ],
     [
      -79.767674,
      43.615163
     ],
     [
      -79.766665,
      43.615534
     ],
     [
      -79.76557,
      43.615973
     ],
     [
      -79.765022,
      43.616205
     ],
     [
      -79.763955,
      43.616698
     ],
     [
      -79.762928,
      43.617214
     ],
     [
      -79.762162,
      43.617651
     ]
    ]
   }
  },
  {
   "type": "Feature",
   "properties": {
    "name": "Hwy 407",
    "kind": "highway"
   },
   "geometry": {
    "type": "LineString",
    "coordinates": [
     [
      -79.690743,
      43.687383
     ],
     [
      -79.689989,
      43.686672
     ],
     [
      -79.689903,
      43.686145
     ],
     [
      -79.690286,
      43.685892
     ],
     [
      -79.690847,
      43.685944
     ],
     [
      -79.691145,
      43.686325
     ],
     [
      -79.690845,
      43.687461
     ]
    ]
   }
  },
  {
   "type": "Feature",
   "properties": {
    "name": "Hwy 407",
    "kind": "highway"
   },
   "geometry": {
    "type": "LineString",
    "coordinates": [
     [
      -79.737257,
      43.641158
     ],
     [
      -79.737719,
      43.641307
     ],
     [
      -79.738163,
      43.641569
     ],
     [
      -79.738092,
      43.642221
     ],
     [
      -79.737439,
      43.642425
     ],
     [
      -79.73683,
      43.642171
     ],
     [
      -79.736946,
      43.641402
     ],
     [
      -79.737257,
      43.641158
     ]
    ]
   }
  },
  {
   "type": "Feature",
   "properties": {
    "name": "Hwy 410",
    "kind": "highway"
   },
   "geometry": {
    "type": "LineString",
    "coordinates": [
     [
      -79.73449,
      43.703043
     ],
     [
      -79.734913,
      43.703471
     ],
     [
      -79.735727,
      43.704191
     ],
     [
      -79.736059,
      43.704821
     ],
     [
      -79.73617,
      43.705758
     ],
     [
      -79.736408,
      43.706207
     ],
     [
      -79.737115,
      43.706683
     ]
    ]
   }
  },
  {
   "type": "Feature",
   "properties": {
    "name": "Hwy 407",
    "kind": "highway"
   },
   "geometry": {
    "type": "LineString",
    "coordinates": [
     [
      -79.742535,
      43.641306
     ],
     [
      -79.741545,
      43.641214
     ],
     [
      -79.740946,
      43.641176
     ],
     [
      -79.74036,
      43.641003
     ],
     [
      -79.739945,
      43.640765
     ],
     [
      -79.739623,
      43.640315
     ],
     [
      -79.739682,
      43.639618
     ],
     [
      -79.740044,
      43.639105
     ],
     [
      -79.742244,
      43.63717
     ]
    ]
   }
  },
  {
   "type": "Feature",
   "properties": {
    "name": "Hwy 407",
    "kind": "highway"
   },
   "geometry": {
    "type": "LineString",
    "coordinates": [
     [
      -79.736527,
      43.641006
     ],
     [
      -79.734474,
      43.642609
     ]
    ]
   }
  },
  {
   "type": "Feature",
   "properties": {
    "name": "Hwy 407",
    "kind": "highway"
   },
   "geometry": {
    "type": "LineString",
    "coordinates": [
     [
      -79.737257,
      43.641158
     ],
     [
      -79.737277,
      43.64114
     ]
    ]
   }
  },
  {
   "type": "Feature",
   "properties": {
    "name": "Hwy 407",
    "kind": "highway"
   },
   "geometry": {
    "type": "LineString",
    "coordinates": [
     [
      -79.691674,
      43.688078
     ],
     [
      -79.692166,
      43.688579
     ],
     [
      -79.69228,
      43.689089
     ],
     [
      -79.69182,
      43.689381
     ],
     [
      -79.691185,
      43.68923
     ],
     [
      -79.691022,
      43.688778
     ],
     [
      -79.691236,
      43.688064
     ],
     [
      -79.691343,
      43.687827
     ]
    ]
   }
  },
  {
   "type": "Feature",
   "properties": {
    "name": "Hwy 407",
    "kind": "highway"
   },
   "geometry": {
    "type": "LineString",
    "coordinates": [
     [
      -79.679985,
      43.70574
     ],
     [
      -79.681227,
      43.703999
     ],
     [
      -79.682128,
      43.702793
     ],
     [
      -79.682712,
      43.702255
     ],
     [
      -79.683432,
      43.701877
     ],
     [
      -79.684257,
      43.701593
     ],
     [
      -79.684755,
      43.701352
     ],
     [
      -79.685219,
      43.701015
     ]
    ]
   }
  },
  {
   "type": "Feature",
   "properties": {
    "name": "Hwy 410",
    "kind": "highway"
   },
   "geometry": {
    "type": "LineString",
    "coordinates": [
     [
      -79.747949,
      43.71238
     ],
     [
      -79.742041,
      43.708002
     ]
    ]
   }
  },
  {
   "type": "Feature",
   "properties": {
    "name": "Hwy 407",
    "kind": "highway"
   },
   "geometry": {
    "type": "LineString",
    "coordinates": [
     [
      -79.716874,
      43.653883
     ],
     [
      -79.717286,
      43.654446
     ],
     [
      -79.717214,
      43.655026
     ],
     [
      -79.716768,
      43.655192
     ],
     [
      -79.716182,
      43.654988
     ],
     [
      -79.716303,
      43.654273
     ],
     [
      -79.716774,
      43.65381
     ]
    ]
   }
  },
  {
   "type": "Feature",
   "properties": {
    "name": "Hwy 407",
    "kind": "highway"
   },
   "geometry": {
    "type": "LineString",
    "coordinates": [
     [
      -79.709709,
      43.6597
     ],
     [
      -79.711603,
      43.658101
     ],
     [
      -79.71264,
      43.657248
     ],
     [
      -79.713973,
      43.656237
     ],
     [
      -79.714657,
      43.655844
     ],
     [
      -79.715227,
      43.655657
     ],
     [
      -79.715761,
      43.655559
     ],
     [
      -79.716587,
      43.655469
     ],
     [
      -79.717167,
      43.6553
     ],
     [
      -79.718025,
      43.654743
     ]
    ]
   }
  },
  {
   "type": "Feature",
   "properties": {
    "name": "Hwy 407",
    "kind": "highway"
   },
   "geometry": {
    "type": "LineString",
    "coordinates": [
     [
      -79.757093,
      43.622017
     ],
     [
      -79.757314,
      43.621817
     ]
    ]
   }
  },
  {
   "type": "Feature",
   "properties": {
    "name": "Hwy 407",
    "kind": "highway"
   },
   "geometry": {
    "type": "LineString",
    "coordinates": [
     [
      -79.67555,
      43.718069
     ],
     [
      -79.675619,
      43.716255
     ],
     [
      -79.675629,
      43.715445
     ],
     [
      -79.675701,
      43.714577
     ],
     [
      -79.675839,
      43.713696
     ],
     [
      -79.67597,
      43.713104
     ],
     [
      -79.676153,
      43.712458
     ],
     [
      -79.676363,
      43.711852
     ]
    ]
   }
  },
  {
   "type": "Feature",
   "properties": {
    "name": "Hwy 407",
    "kind": "highway"
   },
   "geometry": {
    "type": "LineString",
    "coordinates": [
     [
      -79.700411,
      43.668225
     ],
     [
      -79.700273,
      43.668377
     ]
    ]
   }
  },
  {
   "type": "Feature",
   "properties": {
    "name": "Hwy 410",
    "kind": "highway"
   },
   "geometry": {
    "type": "LineString",
    "coordinates": [
     [
      -79.740311,
      43.703751
     ],
     [
      -79.739095,
      43.704391
     ],
     [
      -79.738571,
      43.704567
     ],
     [
      -79.737959,
      43.704563
     ],
     [
      -79.73736,
      43.704317
     ],
     [
      -79.734338,
      43.702402
     ]
    ]
   }
  },
  {
   "type": "Feature",
   "properties": {
    "name": "Hwy 410",
    "kind": "highway"
   },
   "geometry": {
    "type": "LineString",
    "coordinates": [
     [
      -79.695056,
      43.664842
     ],
     [
      -79.691242,
      43.661957
     ]
    ]
   }
  },
  {
   "type": "Feature",
   "properties": {
    "name": "Hwy 407",
    "kind": "highway"
   },
   "geometry": {
    "type": "LineString",
    "coordinates": [
     [
      -79.696026,
      43.664776
     ],
     [
      -79.695478,
      43.664464
     ]
    ]
   }
  },
  {
   "type": "Feature",
   "properties": {
    "name": "Hwy 407",
    "kind": "highway"
   },
   "geometry": {
    "type": "LineString",
    "coordinates": [
     [
      -79.695478,
      43.664464
     ],
     [
      -79.694924,
      43.664151
     ]
    ]
   }
  },
  {
   "type": "Feature",
   "properties": {
    "name": "Hwy 410",
    "kind": "highway"
   },
   "geometry": {
    "type": "LineString",
    "coordinates": [
     [
      -79.755291,
      43.717822
     ],
     [
      -79.752165,
      43.715523
     ]
    ]
   }
  },
  {
   "type": "Feature",
   "properties": {
    "name": "Hwy 407",
    "kind": "highway"
   },
   "geometry": {
    "type": "LineString",
    "coordinates": [
     [
      -79.676363,
      43.711852
     ],
     [
      -79.67654,
      43.711409
     ],
     [
      -79.676848,
      43.710728
     ],
     [
      -79.677438,
      43.709641
     ],
     [
      -79.679985,
      43.70574
     ]
    ]
   }
  },
  {
   "type": "Feature",
   "properties": {
    "name": "Hwy 407",
    "kind": "highway"
   },
   "geometry": {
    "type": "LineString",
    "coordinates": [
     [
      -79.679498,
      43.705676
     ],
     [
      -79.676988,
      43.709586
     ],
     [
      -79.676768,
      43.709971
     ],
     [
      -79.676429,
      43.710628
     ],
     [
      -79.67613,
      43.711291
     ],
     [
      -79.676016,
      43.711596
     ]
    ]
   }
  },
  {
   "type": "Feature",
   "properties": {
    "name": "Hwy 407",
    "kind": "highway"
   },
   "geometry": {
    "type": "LineString",
    "coordinates": [
     [
      -79.660995,
      43.735376
     ],
     [
      -79.660678,
      43.734872
     ],
     [
      -79.660887,
      43.734425
     ],
     [
      -79.661478,
      43.734315
     ],
     [
      -79.661911,
      43.734563
     ],
     [
      -79.661846,
      43.73512
     ],
     [
      -79.661279,
      43.735591
     ]
    ]
   }
  },
  {
   "type": "Feature",
   "properties": {
    "name": "Hwy 407",
    "kind": "highway"
   },
   "geometry": {
    "type": "LineString",
    "coordinates": [
     [
      -79.661279,
      43.735591
     ],
     [
      -79.661144,
      43.735693
     ],
     [
      -79.659259,
      43.736931
     ]
    ]
   }
  },
  {
   "type": "Feature",
   "properties": {
    "name": "Hwy 410",
    "kind": "highway"
   },
   "geometry": {
    "type": "LineString",
    "coordinates": [
     [
      -79.700813,
      43.666375
     ],
     [
      -79.700619,
      43.666814
     ],
     [
      -79.700443,
      43.6676
     ],
     [
      -79.700408,
      43.668117
     ]
    ]
   }
  },
  {
   "type": "Feature",
   "properties": {
    "name": "Hwy 407",
    "kind": "highway"
   },
   "geometry": {
    "type": "LineString",
    "coordinates": [
     [
      -79.713638,
      43.651547
     ],
     [
      -79.714453,
      43.652321
     ],
     [
      -79.714911,
      43.652889
     ],
     [
      -79.715128,
      43.653364
     ],
     [
      -79.715056,
      43.65403
     ],
     [
      -79.714678,
      43.654557
     ],
     [
      -79.713223,
      43.655945
     ],
     [
      -79.710552,
      43.658377
     ]
    ]
   }
  },
  {
   "type": "Feature",
   "properties": {
    "name": "Hwy 407",
    "kind": "highway"
   },
   "geometry": {
    "type": "LineString",
    "coordinates": [
     [
      -79.644464,
      43.747138
     ],
     [
      -79.64277,
      43.748446
     ],
     [
      -79.641373,
      43.749559
     ],
     [
      -79.640116,
      43.750665
     ]
    ]
   }
  },
  {
   "type": "Feature",
   "properties": {
    "name": "Hwy 407",
    "kind": "highway"
   },
   "geometry": {
    "type": "LineString",
    "coordinates": [
     [
      -79.69939,
      43.671487
     ],
     [
      -79.699646,
      43.671093
     ],
     [
      -79.69987,
      43.670628
     ],
     [
      -79.700049,
      43.670161
     ],
     [
      -79.700161,
      43.669541
     ]
    ]
   }
  },
  {
   "type": "Feature",
   "properties": {
    "name": "Hwy 407",
    "kind": "highway"
   },
   "geometry": {
    "type": "LineString",
    "coordinates": [
     [
      -79.756732,
      43.621707
     ],
     [
      -79.756874,
      43.621573
     ]
    ]
   }
  },
  {
   "type": "Feature",
   "properties": {
    "name": "Hwy 407",
    "kind": "highway"
   },
   "geometry": {
    "type": "LineString",
    "coordinates": [
     [
      -79.674961,
      43.720516
     ],
     [
      -79.674954,
      43.721812
     ],
     [
      -79.67492,
      43.722442
     ],
     [
      -79.674841,
      43.723076
     ],
     [
      -79.674637,
      43.724023
     ],
     [
      -79.674331,
      43.724961
     ],
     [
      -79.674075,
      43.725566
     ],
     [
      -79.673776,
      43.726161
     ],
     [
      -79.673347,
      43.726885
     ]
    ]
   }
  },
  {
   "type": "Feature",
   "properties": {
    "name": "Hwy 410",
    "kind": "highway"
   },
   "geometry": {
    "type": "LineString",
    "coordinates": [
     [
      -79.709061,
      43.688069
     ],
     [
      -79.71067,
      43.687074
     ],
     [
      -79.711402,
      43.686866
     ],
     [
      -79.712004,
      43.686909
     ],
     [
      -79.712785,
      43.687305
     ],
     [
      -79.716976,
      43.690031
     ]
    ]
   }
  },
  {
   "type": "Feature",
   "properties": {
    "name": "Hwy 410",
    "kind": "highway"
   },
   "geometry": {
    "type": "LineString",
    "coordinates": [
     [
      -79.767985,
      43.723285
     ],
     [
      -79.766665,
      43.724023
     ],
     [
      -79.766148,
      43.724197
     ],
     [
      -79.765291,
      43.7243
     ],
     [
      -79.764525,
      43.724211
     ],
     [
      -79.763809,
      43.723884
     ],
     [
      -79.761092,
      43.722121
     ]
    ]
   }
  },
  {
   "type": "Feature",
   "properties": {
    "name": "Hwy 410",
    "kind": "highway"
   },
   "geometry": {
    "type": "LineString",
    "coordinates": [
     [
      -79.711441,
      43.685863
     ],
     [
      -79.716976,
      43.690031
     ]
    ]
   }
  },
  {
   "type": "Feature",
   "properties": {
    "name": "Hwy 410",
    "kind": "highway"
   },
   "geometry": {
    "type": "LineString",
    "coordinates": [
     [
      -79.716976,
      43.690031
     ],
     [
      -79.718639,
      43.691251
     ]
    ]
   }
  },
  {
   "type": "Feature",
   "properties": {
    "name": "Hwy 407",
    "kind": "highway"
   },
   "geometry": {
    "type": "LineString",
    "coordinates": [
     [
      -79.700124,
      43.668629
     ],
     [
      -79.700107,
      43.66856
     ]
    ]
   }
  },
  {
   "type": "Feature",
   "properties": {
    "name": "Hwy 410",
    "kind": "highway"
   },
   "geometry": {
    "type": "LineString",
    "coordinates": [
     [
      -79.719004,
      43.690999
     ],
     [
      -79.716062,
      43.688809
     ]
    ]
   }
  },
  {
   "type": "Feature",
   "properties": {
    "name": "Hwy 407",
    "kind": "highway"
   },
   "geometry": {
    "type": "LineString",
    "coordinates": [
     [
      -79.648596,
      43.743736
     ],
     [
      -79.647469,
      43.74458
     ],
     [
      -79.646002,
      43.745774
     ],
     [
      -79.644464,
      43.747138
     ]
    ]
   }
  },
  {
   "type": "Feature",
   "properties": {
    "name": "Hwy 407",
    "kind": "highway"
   },
   "geometry": {
    "type": "LineString",
    "coordinates": [
     [
      -79.695904,
      43.664626
     ],
     [
      -79.695511,
      43.664437
     ]
    ]
   }
  },
  {
   "type": "Feature",
   "properties": {
    "name": "Hwy 407",
    "kind": "highway"
   },
   "geometry": {
    "type": "LineString",
    "coordinates": [
     [
      -79.695511,
      43.664437
     ],
     [
      -79.694924,
      43.664151
     ]
    ]
   }
  },
  {
   "type": "Feature",
   "properties": {
    "name": "Hwy 407",
    "kind": "highway"
   },
   "geometry": {
    "type": "LineString",
    "coordinates": [
     [
      -79.720039,
      43.656215
     ],
     [
      -79.719134,
      43.655381
     ],
     [
      -79.718358,
      43.654697
     ],
     [
      -79.718064,
      43.65427
     ],
     [
      -79.717973,
      43.653702
     ],
     [
      -79.718145,
      43.653182
     ],
     [
      -79.718553,
      43.6527
     ],
     [
      -79.719243,
      43.652042
     ],
     [
      -79.719909,
      43.651446
     ],
     [
      -79.720393,
      43.65106
     ],
     [
      -79.721392,
      43.650301
     ],
     [
      -79.721914,
      43.649929
     ]
    ]
   }
  },
  {
   "type": "Feature",
   "properties": {
    "name": "Hwy 410",
    "kind": "highway"
   },
   "geometry": {
    "type": "LineString",
    "coordinates": [
     [
      -79.729667,
      43.699451
     ],
     [
      -79.730924,
      43.70064
     ],
     [
      -79.731261,
      43.701387
     ],
     [
      -79.731439,
      43.701848
     ]
    ]
   }
  },
  {
   "type": "Feature",
   "properties": {
    "name": "Hwy 410",
    "kind": "highway"
   },
   "geometry": {
    "type": "LineString",
    "coordinates": [
     [
      -79.738826,
      43.705135
     ],
     [
      -79.739344,
      43.704967
     ],
     [
      -79.739915,
      43.705009
     ],
     [
      -79.740219,
      43.705366
     ],
     [
      -79.739979,
      43.705769
     ],
     [
      -79.739465,
      43.705867
     ],
     [
      -79.738666,
      43.70557
     ]
    ]
   }
  },
  {
   "type": "Feature",
   "properties": {
    "name": "Hwy 407",
    "kind": "highway"
   },
   "geometry": {
    "type": "LineString",
    "coordinates": [
     [
      -79.691343,
      43.687827
     ],
     [
      -79.691684,
      43.686935
     ]
    ]
   }
  },
  {
   "type": "Feature",
   "properties": {
    "name": "Hwy 410",
    "kind": "highway"
   },
   "geometry": {
    "type": "LineString",
    "coordinates": [
     [
      -79.711888,
      43.685692
     ],
     [
      -79.71174,
      43.685596
     ]
    ]
   }
  },
  {
   "type": "Feature",
   "properties": {
    "name": "Hwy 407",
    "kind": "highway"
   },
   "geometry": {
    "type": "LineString",
    "coordinates": [
     [
      -79.690845,
      43.687461
     ],
     [
      -79.690312,
      43.688706
     ]
    ]
   }
  },
  {
   "type": "Feature",
   "properties": {
    "name": "Hwy 407",
    "kind": "highway"
   },
   "geometry": {
    "type": "LineString",
    "coordinates": [
     [
      -79.70023,
      43.668345
     ],
     [
      -79.699972,
      43.66813
     ]
    ]
   }
  },
  {
   "type": "Feature",
   "properties": {
    "name": "Hwy 410",
    "kind": "highway"
   },
   "geometry": {
    "type": "LineString",
    "coordinates": [
     [
      -79.716062,
      43.688809
     ],
     [
      -79.711888,
      43.685692
     ]
    ]
   }
  },
  {
   "type": "Feature",
   "properties": {
    "name": "Hwy 407",
    "kind": "highway"
   },
   "geometry": {
    "type": "LineString",
    "coordinates": [
     [
      -79.716169,
      43.653367
     ],
     [
      -79.715694,
      43.652763
     ],
     [
      -79.715891,
      43.652234
     ],
     [
      -79.716563,
      43.65216
     ],
     [
      -79.716931,
      43.652506
     ],
     [
      -79.716689,
      43.653075
     ],
     [
      -79.716275,
      43.653449
     ]
    ]
   }
  },
  {
   "type": "Feature",
   "properties": {
    "name": "Hwy 410",
    "kind": "highway"
   },
   "geometry": {
    "type": "LineString",
    "coordinates": [
     [
      -79.71174,
      43.685596
     ],
     [
      -79.710468,
      43.684497
     ],
     [
      -79.709799,
      43.683827
     ],
     [
      -79.709184,
      43.68315
     ],
     [
      -79.7087,
      43.682536
     ]
    ]
   }
  },
  {
   "type": "Feature",
   "properties": {
    "name": "Hwy 407",
    "kind": "highway"
   },
   "geometry": {
    "type": "LineString",
    "coordinates": [
     [
      -79.644464,
      43.747138
     ],
     [
      -79.642549,
      43.748839
     ],
     [
      -79.640263,
      43.750829
     ]
    ]
   }
  },
  {
   "type": "Feature",
   "properties": {
    "name": "Hwy 407",
    "kind": "highway"
   },
   "geometry": {
    "type": "LineString",
    "coordinates": [
     [
      -79.762498,
      43.617911
     ],
     [
      -79.76362,
      43.617316
     ],
     [
      -79.764393,
      43.616928
     ],
     [
      -79.765589,
      43.616374
     ]
    ]
   }
  },
  {
   "type": "Feature",
   "properties": {
    "name": "Hwy 407",
    "kind": "highway"
   },
   "geometry": {
    "type": "LineString",
    "coordinates": [
     [
      -79.675037,
      43.724186
     ],
     [
      -79.675281,
      43.722977
     ],
     [
      -79.675433,
      43.721773
     ]
    ]
   }
  },
  {
   "type": "Feature",
   "properties": {
    "name": "Hwy 407",
    "kind": "highway"
   },
   "geometry": {
    "type": "LineString",
    "coordinates": [
     [
      -79.700107,
      43.66856
     ],
     [
      -79.700085,
      43.668591
     ]
    ]
   }
  },
  {
   "type": "Feature",
   "properties": {
    "name": "Hwy 407",
    "kind": "highway"
   },
   "geometry": {
    "type": "LineString",
    "coordinates": [
     [
      -79.716774,
      43.65381
     ],
     [
      -79.717115,
      43.653481
     ],
     [
      -79.717957,
      43.652784
     ]
    ]
   }
  },
  {
   "type": "Feature",
   "properties": {
    "name": "Hwy 407",
    "kind": "highway"
   },
   "geometry": {
    "type": "LineString",
    "coordinates": [
     [
      -79.667927,
      43.731684
     ],
     [
      -79.663539,
      43.734361
     ],
     [
      -79.661367,
      43.735659
     ]
    ]
   }
  },
  {
   "type": "Feature",
   "properties": {
    "name": "Hwy 407",
    "kind": "highway"
   },
   "geometry": {
    "type": "LineString",
    "coordinates": [
     [
      -79.658423,
      43.733428
     ],
     [
      -79.659925,
      43.734873
     ],
     [
      -79.660172,
      43.735447
     ],
     [
      -79.6599,
      43.736128
     ],
     [
      -79.656778,
      43.738307
     ],
     [
      -79.654651,
      43.739695
     ]
    ]
   }
  },
  {
   "type": "Feature",
   "properties": {
    "name": "Hwy 410",
    "kind": "highway"
   },
   "geometry": {
    "type": "LineString",
    "coordinates": [
     [
      -79.714055,
      43.683511
     ],
     [
      -79.712913,
      43.684196
     ],
     [
      -79.712456,
      43.684429
     ],
     [
      -79.711842,
      43.684557
     ],
     [
      -79.711214,
      43.684487
     ],
     [
      -79.710765,
      43.68427
     ],
     [
      -79.7087,
      43.682536
     ]
    ]
   }
  },
  {
   "type": "Feature",
   "properties": {
    "name": "Hwy 407",
    "kind": "highway"
   },
   "geometry": {
    "type": "LineString",
    "coordinates": [
     [
      -79.733585,
      43.641082
     ],
     [
      -79.734036,
      43.641856
     ],
     [
      -79.73412,
      43.642384
     ],
     [
      -79.733754,
      43.64292
     ],
     [
      -79.73322,
      43.64327
     ],
     [
      -79.732169,
      43.643893
     ],
     [
      -79.730874,
      43.644608
     ]
    ]
   }
  },
  {
   "type": "Feature",
   "properties": {
    "name": "Hwy 407",
    "kind": "highway"
   },
   "geometry": {
    "type": "LineString",
    "coordinates": [
     [
      -79.7001,
      43.668523
     ],
     [
      -79.700067,
      43.668563
     ]
    ]
   }
  },
  {
   "type": "Feature",
   "properties": {
    "name": "Hwy 407",
    "kind": "highway"
   },
   "geometry": {
    "type": "LineString",
    "coordinates": [
     [
      -79.70023,
      43.668345
     ],
     [
      -79.7001,
      43.668523
     ]
    ]
   }
  },
  {
   "type": "Feature",
   "properties": {
    "name": "Hwy 407",
    "kind": "highway"
   },
   "geometry": {
    "type": "LineString",
    "coordinates": [
     [
      -79.700273,
      43.668377
     ],
     [
      -79.70023,
      43.668345
     ]
    ]
   }
  },
  {
   "type": "Feature",
   "properties": {
    "name": "Hwy 407",
    "kind": "highway"
   },
   "geometry": {
    "type": "LineString",
    "coordinates": [
     [
      -79.7001,
      43.668523
     ],
     [
      -79.699972,
      43.66813
     ]
    ]
   }
  },
  {
   "type": "Feature",
   "properties": {
    "name": "Hwy 410",
    "kind": "highway"
   },
   "geometry": {
    "type": "LineString",
    "coordinates": [
     [
      -79.718639,
      43.691251
     ],
     [
      -79.72667,
      43.697243
     ]
    ]
   }
  },
  {
   "type": "Feature",
   "properties": {
    "name": "Hwy 410",
    "kind": "highway"
   },
   "geometry": {
    "type": "LineString",
    "coordinates": [
     [
      -79.732589,
      43.701626
     ],
     [
      -79.732952,
      43.701878
     ],
     [
      -79.73449,
      43.703043
     ]
    ]
   }
  },
  {
   "type": "Feature",
   "properties": {
    "name": "Hwy 407",
    "kind": "highway"
   },
   "geometry": {
    "type": "LineString",
    "coordinates": [
     [
      -79.700458,
      43.668856
     ],
     [
      -79.700621,
      43.668637
     ]
    ]
   }
  },
  {
   "type": "Feature",
   "properties": {
    "name": "Hwy 410",
    "kind": "highway"
   },
   "geometry": {
    "type": "LineString",
    "coordinates": [
     [
      -79.733324,
      43.70163
     ],
     [
      -79.733125,
      43.701506
     ]
    ]
   }
  },
  {
   "type": "Feature",
   "properties": {
    "name": "Hwy 407",
    "kind": "highway"
   },
   "geometry": {
    "type": "LineString",
    "coordinates": [
     [
      -79.699972,
      43.66813
     ],
     [
      -79.699439,
      43.667755
     ],
     [
      -79.699035,
      43.667408
     ],
     [
      -79.698837,
      43.666915
     ],
     [
      -79.69894,
      43.666588
     ]
    ]
   }
  },
  {
   "type": "Feature",
   "properties": {
    "name": "Hwy 410",
    "kind": "highway"
   },
   "geometry": {
    "type": "LineString",
    "coordinates": [
     [
      -79.73449,
      43.703043
     ],
     [
      -79.736591,
      43.704529
     ],
     [
      -79.737926,
      43.705512
     ]
    ]
   }
  },
  {
   "type": "Feature",
   "properties": {
    "name": "Hwy 407",
    "kind": "highway"
   },
   "geometry": {
    "type": "LineString",
    "coordinates": [
     [
      -79.716707,
      43.653764
     ],
     [
      -79.717957,
      43.652784
     ]
    ]
   }
  },
  {
   "type": "Feature",
   "properties": {
    "name": "Hwy 410",
    "kind": "highway"
   },
   "geometry": {
    "type": "LineString",
    "coordinates": [
     [
      -79.734338,
      43.702402
     ],
     [
      -79.733324,
      43.70163
     ]
    ]
   }
  },
  {
   "type": "Feature",
   "properties": {
    "name": "Hwy 410",
    "kind": "highway"
   },
   "geometry": {
    "type": "LineString",
    "coordinates": [
     [
      -79.711301,
      43.685758
     ],
     [
      -79.711441,
      43.685863
     ]
    ]
   }
  },
  {
   "type": "Feature",
   "properties": {
    "name": "Hwy 407",
    "kind": "highway"
   },
   "geometry": {
    "type": "LineString",
    "coordinates": [
     [
      -79.677345,
      43.729831
     ],
     [
      -79.676937,
      43.729389
     ],
     [
      -79.676078,
      43.728632
     ],
     [
      -79.675728,
      43.728273
     ],
     [
      -79.675467,
      43.727919
     ],
     [
      -79.675197,
      43.727366
     ],
     [
      -79.675065,
      43.726743
     ],
     [
      -79.675101,
      43.726108
     ],
     [
      -79.675232,
      43.725356
     ],
     [
      -79.67533,
      43.724694
     ],
     [
      -79.675407,
      43.724082
     ],
     [
      -79.675459,
      43.723272
     ],
     [
      -79.675433,
      43.721773
     ]
    ]
   }
  },
  {
   "type": "Feature",
   "properties": {
    "name": "Hwy 407",
    "kind": "highway"
   },
   "geometry": {
    "type": "LineString",
    "coordinates": [
     [
      -79.700107,
      43.66856
     ],
     [
      -79.7001,
      43.668523
     ]
    ]
   }
  },
  {
   "type": "Feature",
   "properties": {
    "name": "Hwy 410",
    "kind": "highway"
   },
   "geometry": {
    "type": "LineString",
    "coordinates": [
     [
      -79.773614,
      43.734808
     ],
     [
      -79.774574,
      43.735661
     ],
     [
      -79.775142,
      43.736172
     ],
     [
      -79.77553,
      43.736584
     ],
     [
      -79.775857,
      43.737101
     ],
     [
      -79.775994,
      43.737847
     ],
     [
      -79.776026,
      43.738529
     ],
     [
      -79.776446,
      43.738998
     ],
     [
      -79.776822,
      43.739294
     ]
    ]
   }
  },
  {
   "type": "Feature",
   "properties": {
    "name": "Hwy 407",
    "kind": "highway"
   },
   "geometry": {
    "type": "LineString",
    "coordinates": [
     [
      -79.762162,
      43.617651
     ],
     [
      -79.761804,
      43.617845
     ],
     [
      -79.760714,
      43.618495
     ]
    ]
   }
  },
  {
   "type": "Feature",
   "properties": {
    "name": "Hwy 407",
    "kind": "highway"
   },
   "geometry": {
    "type": "LineString",
    "coordinates": [
     [
      -79.673154,
      43.726743
     ],
     [
      -79.672454,
      43.726096
     ],
     [
      -79.672455,
      43.725475
     ],
     [
      -79.672999,
      43.725283
     ],
     [
      -79.673521,
      43.725501
     ],
     [
      -79.673493,
      43.726356
     ],
     [
      -79.673261,
      43.726821
     ]
    ]
   }
  },
  {
   "type": "Feature",
   "properties": {
    "name": "Hwy 407",
    "kind": "highway"
   },
   "geometry": {
    "type": "LineString",
    "coordinates": [
     [
      -79.699976,
      43.669386
     ],
     [
      -79.700161,
      43.669541
     ]
    ]
   }
  },
  {
   "type": "Feature",
   "properties": {
    "name": "Hwy 407",
    "kind": "highway"
   },
   "geometry": {
    "type": "LineString",
    "coordinates": [
     [
      -79.687901,
      43.69273
     ],
     [
      -79.686288,
      43.69526
     ],
     [
      -79.683411,
      43.69967
     ]
    ]
   }
  },
  {
   "type": "Feature",
   "properties": {
    "name": "Hwy 407",
    "kind": "highway"
   },
   "geometry": {
    "type": "LineString",
    "coordinates": [
     [
      -79.683411,
      43.69967
     ],
     [
      -79.68179,
      43.702155
     ]
    ]
   }
  },
  {
   "type": "Feature",
   "properties": {
    "name": "Hwy 410",
    "kind": "highway"
   },
   "geometry": {
    "type": "LineString",
    "coordinates": [
     [
      -79.782767,
      43.742091
     ],
     [
      -79.783801,
      43.742992
     ],
     [
      -79.784714,
      43.743856
     ],
     [
      -79.785475,
      43.74464
     ],
     [
      -79.786315,
      43.745545
     ],
     [
      -79.786877,
      43.746181
     ],
     [
      -79.787597,
      43.747082
     ],
     [
      -79.788254,
      43.747923
     ],
     [
      -79.788519,
      43.748271
     ]
    ]
   }
  },
  {
   "type": "Feature",
   "properties": {
    "name": "Hwy 410",
    "kind": "highway"
   },
   "geometry": {
    "type": "LineString",
    "coordinates": [
     [
      -79.7679,
      43.728755
     ],
     [
      -79.7676,
      43.728166
     ],
     [
      -79.767343,
      43.727767
     ],
     [
      -79.767057,
      43.727098
     ],
     [
      -79.767041,
      43.726294
     ],
     [
      -79.76714,
      43.725976
     ]
    ]
   }
  },
  {
   "type": "Feature",
   "properties": {
    "name": "Hwy 410",
    "kind": "highway"
   },
   "geometry": {
    "type": "LineString",
    "coordinates": [
     [
      -79.729667,
      43.699451
     ],
     [
      -79.732589,
      43.701626
     ]
    ]
   }
  },
  {
   "type": "Feature",
   "properties": {
    "name": "Hwy 407",
    "kind": "highway"
   },
   "geometry": {
    "type": "LineString",
    "coordinates": [
     [
      -79.732306,
      43.644349
     ],
     [
      -79.733574,
      43.643643
     ],
     [
      -79.734842,
      43.642856
     ],
     [
      -79.735803,
      43.642182
     ],
     [
      -79.737167,
      43.641121
     ]
    ]
   }
  },
  {
   "type": "Feature",
   "properties": {
    "name": "Hwy 410",
    "kind": "highway"
   },
   "geometry": {
    "type": "LineString",
    "coordinates": [
     [
      -79.773968,
      43.734785
     ],
     [
      -79.778242,
      43.73822
     ]
    ]
   }
  },
  {
   "type": "Feature",
   "properties": {
    "name": "Hwy 410",
    "kind": "highway"
   },
   "geometry": {
    "type": "LineString",
    "coordinates": [
     [
      -79.735449,
      43.701311
     ],
     [
      -79.735342,
      43.701927
     ],
     [
      -79.734911,
      43.702224
     ],
     [
      -79.734279,
      43.702136
     ],
     [
      -79.733324,
      43.70163
     ]
    ]
   }
  },
  {
   "type": "Feature",
   "properties": {
    "name": "Hwy 410",
    "kind": "highway"
   },
   "geometry": {
    "type": "LineString",
    "coordinates": [
     [
      -79.70518,
      43.677144
     ],
     [
      -79.705792,
      43.678375
     ],
     [
      -79.706665,
      43.680267
     ],
     [
      -79.707228,
      43.681313
     ],
     [
      -79.708104,
      43.682651
     ]
    ]
   }
  },
  {
   "type": "Feature",
   "properties": {
    "name": "Hwy 410",
    "kind": "highway"
   },
   "geometry": {
    "type": "LineString",
    "coordinates": [
     [
      -79.700412,
      43.668824
     ],
     [
      -79.700413,
      43.668901
     ]
    ]
   }
  },
  {
   "type": "Feature",
   "properties": {
    "name": "Hwy 410",
    "kind": "highway"
   },
   "geometry": {
    "type": "LineString",
    "coordinates": [
     [
      -79.72667,
      43.697243
     ],
     [
      -79.729667,
      43.699451
     ]
    ]
   }
  },
  {
   "type": "Feature",
   "properties": {
    "name": "Hwy 410",
    "kind": "highway"
   },
   "geometry": {
    "type": "LineString",
    "coordinates": [
     [
      -79.708104,
      43.682651
     ],
     [
      -79.709656,
      43.684352
     ],
     [
      -79.710264,
      43.684913
     ],
     [
      -79.711301,
      43.685758
     ]
    ]
   }
  },
  {
   "type": "Feature",
   "properties": {
    "name": "Hwy 407",
    "kind": "highway"
   },
   "geometry": {
    "type": "LineString",
    "coordinates": [
     [
      -79.683216,
      43.699524
     ],
     [
      -79.682823,
      43.69915
     ],
     [
      -79.682551,
      43.698688
     ],
     [
      -79.682868,
      43.698223
     ],
     [
      -79.683488,
      43.698285
     ],
     [
      -79.683724,
      43.698711
     ],
     [
      -79.683544,
      43.699222
     ],
     [
      -79.68333,
      43.699606
     ]
    ]
   }
  },
  {
   "type": "Feature",
   "properties": {
    "name": "Hwy 407",
    "kind": "highway"
   },
   "geometry": {
    "type": "LineString",
    "coordinates": [
     [
      -79.68333,
      43.699606
     ],
     [
      -79.682571,
      43.700926
     ],
     [
      -79.68179,
      43.702155
     ]
    ]
   }
  },
  {
   "type": "Feature",
   "properties": {
    "name": "Hwy 407",
    "kind": "highway"
   },
   "geometry": {
    "type": "LineString",
    "coordinates": [
     [
      -79.732306,
      43.644349
     ],
     [
      -79.734676,
      43.64312
     ],
     [
      -79.73523,
      43.64286
     ],
     [
      -79.736031,
      43.642671
     ],
     [
      -79.737273,
      43.642617
     ],
     [
      -79.737865,
      43.642556
     ],
     [
      -79.738355,
      43.642314
     ],
     [
      -79.738607,
      43.641916
     ],
     [
      -79.738719,
      43.641327
     ]
    ]
   }
  },
  {
   "type": "Feature",
   "properties": {
    "name": "Hwy 407",
    "kind": "highway"
   },
   "geometry": {
    "type": "LineString",
    "coordinates": [
     [
      -79.700085,
      43.668591
     ],
     [
      -79.699847,
      43.668915
     ]
    ]
   }
  },
  {
   "type": "Feature",
   "properties": {
    "name": "Hwy 410",
    "kind": "highway"
   },
   "geometry": {
    "type": "LineString",
    "coordinates": [
     [
      -79.700478,
      43.66941
     ],
     [
      -79.701063,
      43.669898
     ],
     [
      -79.701758,
      43.670582
     ],
     [
      -79.702394,
      43.671386
     ],
     [
      -79.702988,
      43.672275
     ],
     [
      -79.703294,
      43.672877
     ],
     [
      -79.704844,
      43.676267
     ],
     [
      -79.70518,
      43.677144
     ]
    ]
   }
  },
  {
   "type": "Feature",
   "properties": {
    "name": "Hwy 410",
    "kind": "highway"
   },
   "geometry": {
    "type": "LineString",
    "coordinates": [
     [
      -79.788647,
      43.748168
     ],
     [
      -79.787307,
      43.74645
     ],
     [
      -79.786444,
      43.745439
     ],
     [
      -79.785682,
      43.744593
     ],
     [
      -79.784839,
      43.743708
     ],
     [
      -79.783411,
      43.742309
     ]
    ]
   }
  },
  {
   "type": "Feature",
   "properties": {
    "name": "Hwy 410",
    "kind": "highway"
   },
   "geometry": {
    "type": "LineString",
    "coordinates": [
     [
      -79.761092,
      43.722121
     ],
     [
      -79.756304,
      43.718562
     ]
    ]
   }
  },
  {
   "type": "Feature",
   "properties": {
    "name": "Hwy 410",
    "kind": "highway"
   },
   "geometry": {
    "type": "LineString",
    "coordinates": [
     [
      -79.727197,
      43.697078
     ],
     [
      -79.719004,
      43.690999
     ]
    ]
   }
  },
  {
   "type": "Feature",
   "properties": {
    "name": "Hwy 407",
    "kind": "highway"
   },
   "geometry": {
    "type": "LineString",
    "coordinates": [
     [
      -79.679985,
      43.70574
     ],
     [
      -79.681669,
      43.703099
     ],
     [
      -79.683737,
      43.699913
     ]
    ]
   }
  },
  {
   "type": "Feature",
   "properties": {
    "name": "Hwy 407",
    "kind": "highway"
   },
   "geometry": {
    "type": "LineString",
    "coordinates": [
     [
      -79.737167,
      43.641121
     ],
     [
      -79.740237,
      43.638751
     ]
    ]
   }
  },
  {
   "type": "Feature",
   "properties": {
    "name": "Hwy 407",
    "kind": "highway"
   },
   "geometry": {
    "type": "LineString",
    "coordinates": [
     [
      -79.700161,
      43.669541
     ],
     [
      -79.700588,
      43.669888
     ]
    ]
   }
  },
  {
   "type": "Feature",
   "properties": {
    "name": "Hwy 407",
    "kind": "highway"
   },
   "geometry": {
    "type": "LineString",
    "coordinates": [
     [
      -79.717957,
      43.652784
     ],
     [
      -79.718909,
      43.652038
     ],
     [
      -79.71988,
      43.651315
     ],
     [
      -79.720879,
      43.650615
     ],
     [
      -79.721914,
      43.649929
     ]
    ]
   }
  },
  {
   "type": "Feature",
   "properties": {
    "name": "Hwy 407",
    "kind": "highway"
   },
   "geometry": {
    "type": "LineString",
    "coordinates": [
     [
      -79.765589,
      43.616374
     ],
     [
      -79.76681,
      43.615883
     ],
     [
      -79.768066,
      43.615437
     ],
     [
      -79.769354,
      43.615046
     ],
     [
      -79.770682,
      43.614704
     ]
    ]
   }
  },
  {
   "type": "Feature",
   "properties": {
    "name": "Hwy 407",
    "kind": "highway"
   },
   "geometry": {
    "type": "LineString",
    "coordinates": [
     [
      -79.692893,
      43.681641
     ],
     [
      -79.692014,
      43.683873
     ],
     [
      -79.691685,
      43.68445
     ],
     [
      -79.691192,
      43.684939
     ],
     [
      -79.6893,
      43.6863
     ]
    ]
   }
  },
  {
   "type": "Feature",
   "properties": {
    "name": "Hwy 410",
    "kind": "highway"
   },
   "geometry": {
    "type": "LineString",
    "coordinates": [
     [
      -79.691589,
      43.659899
     ],
     [
      -79.692219,
      43.660253
     ],
     [
      -79.692665,
      43.660686
     ],
     [
      -79.692926,
      43.661346
     ],
     [
      -79.693202,
      43.662016
     ],
     [
      -79.693679,
      43.66253
     ],
     [
      -79.694794,
      43.663461
     ],
     [
      -79.695626,
      43.664335
     ]
    ]
   }
  },
  {
   "type": "Feature",
   "properties": {
    "name": "Hwy 410",
    "kind": "highway"
   },
   "geometry": {
    "type": "LineString",
    "coordinates": [
     [
      -79.765019,
      43.725684
     ],
     [
      -79.765972,
      43.726751
     ],
     [
      -79.767365,
      43.728506
     ],
     [
      -79.767627,
      43.728831
     ]
    ]
   }
  },
  {
   "type": "Feature",
   "properties": {
    "name": "Hwy 407",
    "kind": "highway"
   },
   "geometry": {
    "type": "LineString",
    "coordinates": [
     [
      -79.694785,
      43.666009
     ],
     [
      -79.69691,
      43.668726
     ],
     [
      -79.697272,
      43.669193
     ],
     [
      -79.697588,
      43.66989
     ],
     [
      -79.697679,
      43.670531
     ],
     [
      -79.69752,
      43.671393
     ],
     [
      -79.6965,
      43.673074
     ],
     [
      -79.695829,
      43.674242
     ],
     [
      -79.695217,
      43.675419
     ],
     [
      -79.694656,
      43.676614
     ]
    ]
   }
  },
  {
   "type": "Feature",
   "properties": {
    "name": "Hwy 410",
    "kind": "highway"
   },
   "geometry": {
    "type": "LineString",
    "coordinates": [
     [
      -79.779878,
      43.736981
     ],
     [
      -79.779194,
      43.737199
     ],
     [
      -79.778528,
      43.73735
     ],
     [
      -79.777553,
      43.737173
     ],
     [
      -79.776933,
      43.736792
     ],
     [
      -79.773968,
      43.734785
     ]
    ]
   }
  },
  {
   "type": "Feature",
   "properties": {
    "name": "Hwy 407",
    "kind": "highway"
   },
   "geometry": {
    "type": "LineString",
    "coordinates": [
     [
      -79.700181,
      43.669186
     ],
     [
      -79.700187,
      43.669132
     ]
    ]
   }
  },
  {
   "type": "Feature",
   "properties": {
    "name": "Hwy 410",
    "kind": "highway"
   },
   "geometry": {
    "type": "LineString",
    "coordinates": [
     [
      -79.794044,
      43.754603
     ],
     [
      -79.793556,
      43.754247
     ],
     [
      -79.793063,
      43.753795
     ],
     [
      -79.792584,
      43.753244
     ],
     [
      -79.792018,
      43.752532
     ],
     [
      -79.790377,
      43.750423
     ],
     [
      -79.788647,
      43.748168
     ]
    ]
   }
  },
  {
   "type": "Feature",
   "properties": {
    "name": "Hwy 407",
    "kind": "highway"
   },
   "geometry": {
    "type": "LineString",
    "coordinates": [
     [
      -79.690312,
      43.688706
     ],
     [
      -79.689865,
      43.689579
     ],
     [
      -79.689325,
      43.690527
     ],
     [
      -79.688944,
      43.691153
     ],
     [
      -79.687901,
      43.69273
     ]
    ]
   }
  },
  {
   "type": "Feature",
   "properties": {
    "name": "Hwy 407",
    "kind": "highway"
   },
   "geometry": {
    "type": "LineString",
    "coordinates": [
     [
      -79.68179,
      43.702155
     ],
     [
      -79.679498,
      43.705676
     ]
    ]
   }
  },
  {
   "type": "Feature",
   "properties": {
    "name": "Hwy 407",
    "kind": "highway"
   },
   "geometry": {
    "type": "LineString",
    "coordinates": [
     [
      -79.694656,
      43.676614
     ],
     [
      -79.694367,
      43.677286
     ],
     [
      -79.693843,
      43.678635
     ],
     [
      -79.693237,
      43.680483
     ]
    ]
   }
  },
  {
   "type": "Feature",
   "properties": {
    "name": "Hwy 407",
    "kind": "highway"
   },
   "geometry": {
    "type": "LineString",
    "coordinates": [
     [
      -79.668282,
      43.731949
     ],
     [
      -79.669181,
      43.731442
     ],
     [
      -79.670038,
      43.730912
     ],
     [
      -79.670868,
      43.73035
     ],
     [
      -79.671866,
      43.729605
     ],
     [
      -79.67246,
      43.729306
     ],
     [
      -79.673034,
      43.729146
     ],
     [
      -79.673952,
      43.729004
     ],
     [
      -79.674407,
      43.728856
     ],
     [
      -79.675242,
      43.728289
     ]
    ]
   }
  },
  {
   "type": "Feature",
   "properties": {
    "name": "Hwy 407",
    "kind": "highway"
   },
   "geometry": {
    "type": "LineString",
    "coordinates": [
     [
      -79.700621,
      43.668637
     ],
     [
      -79.701855,
      43.667238
     ],
     [
      -79.704145,
      43.664905
     ]
    ]
   }
  },
  {
   "type": "Feature",
   "properties": {
    "name": "Hwy 401",
    "kind": "highway"
   },
   "geometry": {
    "type": "LineString",
    "coordinates": [
     [
      -79.790323,
      43.602124
     ],
     [
      -79.790033,
      43.601436
     ],
     [
      -79.790385,
      43.600738
     ],
     [
      -79.793201,
      43.599754
     ]
    ]
   }
  },
  {
   "type": "Feature",
   "properties": {
    "name": "Hwy 407",
    "kind": "highway"
   },
   "geometry": {
    "type": "LineString",
    "coordinates": [
     [
      -79.705377,
      43.662781
     ],
     [
      -79.704353,
      43.663498
     ],
     [
      -79.703873,
      43.663808
     ]
    ]
   }
  },
  {
   "type": "Feature",
   "properties": {
    "name": "Hwy 407",
    "kind": "highway"
   },
   "geometry": {
    "type": "LineString",
    "coordinates": [
     [
      -79.704145,
      43.664905
     ],
     [
      -79.705925,
      43.663176
     ]
    ]
   }
  },
  {
   "type": "Feature",
   "properties": {
    "name": "Hwy 407",
    "kind": "highway"
   },
   "geometry": {
    "type": "LineString",
    "coordinates": [
     [
      -79.640503,
      43.751125
     ],
     [
      -79.643355,
      43.748696
     ]
    ]
   }
  },
  {
   "type": "Feature",
   "properties": {
    "name": "Hwy 407",
    "kind": "highway"
   },
   "geometry": {
    "type": "LineString",
    "coordinates": [
     [
      -79.709709,
      43.6597
     ],
     [
      -79.71241,
      43.657313
     ],
     [
      -79.713968,
      43.655989
     ],
     [
      -79.715302,
      43.654892
     ],
     [
      -79.716707,
      43.653764
     ]
    ]
   }
  },
  {
   "type": "Feature",
   "properties": {
    "name": "Hwy 407",
    "kind": "highway"
   },
   "geometry": {
    "type": "LineString",
    "coordinates": [
     [
      -79.693237,
      43.680483
     ],
     [
      -79.692893,
      43.681641
     ]
    ]
   }
  },
  {
   "type": "Feature",
   "properties": {
    "name": "Hwy 410",
    "kind": "highway"
   },
   "geometry": {
    "type": "LineString",
    "coordinates": [
     [
      -79.755291,
      43.717822
     ],
     [
      -79.756304,
      43.718562
     ]
    ]
   }
  },
  {
   "type": "Feature",
   "properties": {
    "name": "Hwy 410",
    "kind": "highway"
   },
   "geometry": {
    "type": "LineString",
    "coordinates": [
     [
      -79.699847,
      43.668915
     ],
     [
      -79.700155,
      43.669168
     ]
    ]
   }
  },
  {
   "type": "Feature",
   "properties": {
    "name": "Hwy 407",
    "kind": "highway"
   },
   "geometry": {
    "type": "LineString",
    "coordinates": [
     [
      -79.693377,
      43.681705
     ],
     [
      -79.693671,
      43.680776
     ]
    ]
   }
  },
  {
   "type": "Feature",
   "properties": {
    "name": "Hwy 407",
    "kind": "highway"
   },
   "geometry": {
    "type": "LineString",
    "coordinates": [
     [
      -79.678788,
      43.696218
     ],
     [
      -79.680497,
      43.697624
     ],
     [
      -79.681149,
      43.698181
     ],
     [
      -79.681902,
      43.698856
     ],
     [
      -79.682264,
      43.69941
     ],
     [
      -79.68242,
      43.700019
     ],
     [
      -79.68224,
      43.700926
     ],
     [
      -79.681084,
      43.702997
     ],
     [
      -79.679905,
      43.705028
     ],
     [
      -79.679498,
      43.705676
     ]
    ]
   }
  },
  {
   "type": "Feature",
   "properties": {
    "name": "Hwy 410",
    "kind": "highway"
   },
   "geometry": {
    "type": "LineString",
    "coordinates": [
     [
      -79.792035,
      43.75295
     ],
     [
      -79.792648,
      43.753926
     ],
     [
      -79.793152,
      43.754493
     ],
     [
      -79.793716,
      43.755062
     ],
     [
      -79.794867,
      43.756155
     ],
     [
      -79.795608,
      43.756877
     ],
     [
      -79.796066,
      43.757332
     ],
     [
      -79.79641,
      43.757649
     ],
     [
      -79.7969,
      43.757962
     ],
     [
      -79.797195,
      43.758128
     ]
    ]
   }
  },
  {
   "type": "Feature",
   "properties": {
    "name": "Hwy 407",
    "kind": "highway"
   },
   "geometry": {
    "type": "LineString",
    "coordinates": [
     [
      -79.699972,
      43.66813
     ],
     [
      -79.699562,
      43.667338
     ],
     [
      -79.699278,
      43.666952
     ],
     [
      -79.69894,
      43.666588
     ]
    ]
   }
  },
  {
   "type": "Feature",
   "properties": {
    "name": "Hwy 407",
    "kind": "highway"
   },
   "geometry": {
    "type": "LineString",
    "coordinates": [
     [
      -79.721528,
      43.649659
     ],
     [
      -79.720282,
      43.650419
     ],
     [
      -79.719154,
      43.651131
     ],
     [
      -79.7187,
      43.651369
     ],
     [
      -79.717944,
      43.651595
     ],
     [
      -79.717379,
      43.651683
     ],
     [
      -79.716659,
      43.651756
     ],
     [
      -79.715959,
      43.65196
     ],
     [
      -79.715067,
      43.652562
     ]
    ]
   }
  },
  {
   "type": "Feature",
   "properties": {
    "name": "Hwy 407",
    "kind": "highway"
   },
   "geometry": {
    "type": "LineString",
    "coordinates": [
     [
      -79.688693,
      43.692397
     ],
     [
      -79.689741,
      43.691072
     ],
     [
      -79.690077,
      43.690721
     ],
     [
      -79.69132,
      43.690001
     ],
     [
      -79.691962,
      43.689626
     ],
     [
      -79.692513,
      43.689236
     ],
     [
      -79.692874,
      43.688956
     ]
    ]
   }
  },
  {
   "type": "Feature",
   "properties": {
    "name": "Hwy 407",
    "kind": "highway"
   },
   "geometry": {
    "type": "LineString",
    "coordinates": [
     [
      -79.669706,
      43.724187
     ],
     [
      -79.670614,
      43.725021
     ],
     [
      -79.670983,
      43.725386
     ],
     [
      -79.6713,
      43.725772
     ],
     [
      -79.671717,
      43.726484
     ],
     [
      -79.671867,
      43.72703
     ],
     [
      -79.671835,
      43.727921
     ],
     [
      -79.671473,
      43.728768
     ],
     [
      -79.671179,
      43.729156
     ],
     [
      -79.670748,
      43.729592
     ],
     [
      -79.670276,
      43.730014
     ],
     [
      -79.669772,
      43.730423
     ],
     [
      -79.669195,
      43.730835
     ],
     [
      -79.667927,
      43.731684
     ]
    ]
   }
  },
  {
   "type": "Feature",
   "properties": {
    "name": "Hwy 410",
    "kind": "highway"
   },
   "geometry": {
    "type": "LineString",
    "coordinates": [
     [
      -79.775562,
      43.74024
     ],
     [
      -79.776895,
      43.739639
     ],
     [
      -79.777776,
      43.739422
     ],
     [
      -79.778548,
      43.73944
     ],
     [
      -79.779179,
      43.739615
     ],
     [
      -79.779748,
      43.73992
     ],
     [
      -79.780852,
      43.74071
     ],
     [
      -79.782767,
      43.742091
     ]
    ]
   }
  },
  {
   "type": "Feature",
   "properties": {
    "name": "Hwy 407",
    "kind": "highway"
   },
   "geometry": {
    "type": "LineString",
    "coordinates": [
     [
      -79.700408,
      43.668117
     ],
     [
      -79.70023,
      43.668345
     ]
    ]
   }
  },
  {
   "type": "Feature",
   "properties": {
    "name": "Hwy 407",
    "kind": "highway"
   },
   "geometry": {
    "type": "LineString",
    "coordinates": [
     [
      -79.694356,
      43.665464
     ],
     [
      -79.694785,
      43.666009
     ]
    ]
   }
  },
  {
   "type": "Feature",
   "properties": {
    "name": "Hwy 410",
    "kind": "highway"
   },
   "geometry": {
    "type": "LineString",
    "coordinates": [
     [
      -79.765599,
      43.725229
     ],
     [
      -79.766104,
      43.725078
     ],
     [
      -79.766748,
      43.725136
     ],
     [
      -79.766986,
      43.725534
     ],
     [
      -79.766675,
      43.725911
     ],
     [
      -79.765959,
      43.725899
     ],
     [
      -79.765261,
      43.725494
     ]
    ]
   }
  },
  {
   "type": "Feature",
   "properties": {
    "name": "Hwy 410",
    "kind": "highway"
   },
   "geometry": {
    "type": "LineString",
    "coordinates": [
     [
      -79.761064,
      43.722594
     ],
     [
      -79.764401,
      43.725107
     ],
     [
      -79.765019,
      43.725684
     ]
    ]
   }
  },
  {
   "type": "Feature",
   "properties": {
    "name": "Hwy 410",
    "kind": "highway"
   },
   "geometry": {
    "type": "LineString",
    "coordinates": [
     [
      -79.761064,
      43.722594
     ],
     [
      -79.762308,
      43.723741
     ],
     [
      -79.762674,
      43.724175
     ],
     [
      -79.762875,
      43.724603
     ],
     [
      -79.762962,
      43.725761
     ],
     [
      -79.763344,
      43.726341
     ],
     [
      -79.763846,
      43.72663
     ]
    ]
   }
  },
  {
   "type": "Feature",
   "properties": {
    "name": "Hwy 407",
    "kind": "highway"
   },
   "geometry": {
    "type": "LineString",
    "coordinates": [
     [
      -79.705925,
      43.663176
     ],
     [
      -79.707078,
      43.662093
     ],
     [
      -79.709709,
      43.6597
     ]
    ]
   }
  },
  {
   "type": "Feature",
   "properties": {
    "name": "Hwy 407",
    "kind": "highway"
   },
   "geometry": {
    "type": "LineString",
    "coordinates": [
     [
      -79.693671,
      43.680776
     ],
     [
      -79.694067,
      43.679444
     ]
    ]
   }
  },
  {
   "type": "Feature",
   "properties": {
    "name": "Hwy 410",
    "kind": "highway"
   },
   "geometry": {
    "type": "LineString",
    "coordinates": [
     [
      -79.778689,
      43.737883
     ],
     [
      -79.779384,
      43.737697
     ],
     [
      -79.779993,
      43.737906
     ],
     [
      -79.779871,
      43.738523
     ],
     [
      -79.779351,
      43.738642
     ],
     [
      -79.778806,
      43.738469
     ],
     [
      -79.778242,
      43.73822
     ]
    ]
   }
  },
  {
   "type": "Feature",
   "properties": {
    "name": "Hwy 410",
    "kind": "highway"
   },
   "geometry": {
    "type": "LineString",
    "coordinates": [
     [
      -79.700404,
      43.668477
     ],
     [
      -79.700412,
      43.668824
     ]
    ]
   }
  },
  {
   "type": "Feature",
   "properties": {
    "name": "Hwy 407",
    "kind": "highway"
   },
   "geometry": {
    "type": "LineString",
    "coordinates": [
     [
      -79.700413,
      43.668901
     ],
     [
      -79.700458,
      43.668856
     ]
    ]
   }
  },
  {
   "type": "Feature",
   "properties": {
    "name": "Hwy 410",
    "kind": "highway"
   },
   "geometry": {
    "type": "LineString",
    "coordinates": [
     [
      -79.700181,
      43.669186
     ],
     [
      -79.700478,
      43.66941
     ]
    ]
   }
  },
  {
   "type": "Feature",
   "properties": {
    "name": "Hwy 410",
    "kind": "highway"
   },
   "geometry": {
    "type": "LineString",
    "coordinates": [
     [
      -79.750871,
      43.716468
     ],
     [
      -79.751333,
      43.716284
     ],
     [
      -79.751921,
      43.716232
     ],
     [
      -79.755671,
      43.718596
     ]
    ]
   }
  },
  {
   "type": "Feature",
   "properties": {
    "name": "Hwy 410",
    "kind": "highway"
   },
   "geometry": {
    "type": "LineString",
    "coordinates": [
     [
      -79.695626,
      43.664335
     ],
     [
      -79.695904,
      43.664626
     ]
    ]
   }
  },
  {
   "type": "Feature",
   "properties": {
    "name": "Hwy 410",
    "kind": "highway"
   },
   "geometry": {
    "type": "LineString",
    "coordinates": [
     [
      -79.752165,
      43.715523
     ],
     [
      -79.748888,
      43.713047
     ]
    ]
   }
  },
  {
   "type": "Feature",
   "properties": {
    "name": "Hwy 407",
    "kind": "highway"
   },
   "geometry": {
    "type": "LineString",
    "coordinates": [
     [
      -79.692893,
      43.681641
     ],
     [
      -79.692102,
      43.684328
     ],
     [
      -79.691845,
      43.685136
     ],
     [
      -79.691413,
      43.68631
     ],
     [
      -79.691019,
      43.687274
     ],
     [
      -79.690909,
      43.687502
     ]
    ]
   }
  },
  {
   "type": "Feature",
   "properties": {
    "name": "Hwy 407",
    "kind": "highway"
   },
   "geometry": {
    "type": "LineString",
    "coordinates": [
     [
      -79.690909,
      43.687502
     ],
     [
      -79.690531,
      43.688295
     ],
     [
      -79.690312,
      43.688706
     ]
    ]
   }
  },
  {
   "type": "Feature",
   "properties": {
    "name": "Hwy 410",
    "kind": "highway"
   },
   "geometry": {
    "type": "LineString",
    "coordinates": [
     [
      -79.792035,
      43.75295
     ],
     [
      -79.792828,
      43.753872
     ],
     [
      -79.793177,
      43.754194
     ],
     [
      -79.794333,
      43.755097
     ],
     [
      -79.795098,
      43.755546
     ],
     [
      -79.795521,
      43.755765
     ],
     [
      -79.796058,
      43.756012
     ],
     [
      -79.797391,
      43.756487
     ],
     [
      -79.798729,
      43.756828
     ]
    ]
   }
  },
  {
   "type": "Feature",
   "properties": {
    "name": "Hwy 407",
    "kind": "highway"
   },
   "geometry": {
    "type": "LineString",
    "coordinates": [
     [
      -79.716275,
      43.653449
     ],
     [
      -79.714142,
      43.655316
     ]
    ]
   }
  },
  {
   "type": "Feature",
   "properties": {
    "name": "Hwy 407",
    "kind": "highway"
   },
   "geometry": {
    "type": "LineString",
    "coordinates": [
     [
      -79.661367,
      43.735659
     ],
     [
      -79.659259,
      43.736931
     ]
    ]
   }
  },
  {
   "type": "Feature",
   "properties": {
    "name": "Hwy 407",
    "kind": "highway"
   },
   "geometry": {
    "type": "LineString",
    "coordinates": [
     [
      -79.703873,
      43.663808
     ],
     [
      -79.703124,
      43.664245
     ],
     [
      -79.702587,
      43.664527
     ],
     [
      -79.702033,
      43.664795
     ],
     [
      -79.701477,
      43.665041
     ],
     [
      -79.700638,
      43.665324
     ],
     [
      -79.699687,
      43.665489
     ],
     [
      -79.69872,
      43.665491
     ],
     [
      -79.697778,
      43.665341
     ],
     [
      -79.697287,
      43.665218
     ],
     [
      -79.696804,
      43.665033
     ],
     [
      -79.69618,
      43.664738
     ],
     [
      -79.695904,
      43.664626
     ]
    ]
   }
  },
  {
   "type": "Feature",
   "properties": {
    "name": "Hwy 410",
    "kind": "highway"
   },
   "geometry": {
    "type": "LineString",
    "coordinates": [
     [
      -79.764777,
      43.72588
     ],
     [
      -79.764248,
      43.726087
     ],
     [
      -79.763601,
      43.726097
     ],
     [
      -79.763268,
      43.725809
     ]
    ]
   }
  },
  {
   "type": "Feature",
   "properties": {
    "name": "Hwy 407",
    "kind": "highway"
   },
   "geometry": {
    "type": "LineString",
    "coordinates": [
     [
      -79.741724,
      43.637049
     ],
     [
      -79.742084,
      43.636745
     ],
     [
      -79.742757,
      43.636123
     ],
     [
      -79.743377,
      43.635481
     ],
     [
      -79.744108,
      43.634665
     ],
     [
      -79.748234,
      43.629844
     ],
     [
      -79.748929,
      43.629064
     ],
     [
      -79.749658,
      43.628293
     ],
     [
      -79.750793,
      43.627171
     ],
     [
      -79.753854,
      43.624372
     ],
     [
      -79.756732,
      43.621707
     ]
    ]
   }
  },
  {
   "type": "Feature",
   "properties": {
    "name": "Hwy 407",
    "kind": "highway"
   },
   "geometry": {
    "type": "LineString",
    "coordinates": [
     [
      -79.700067,
      43.668563
     ],
     [
      -79.69981,
      43.668885
     ]
    ]
   }
  },
  {
   "type": "Feature",
   "properties": {
    "name": "Hwy 410",
    "kind": "highway"
   },
   "geometry": {
    "type": "LineString",
    "coordinates": [
     [
      -79.69981,
      43.668885
     ],
     [
      -79.699847,
      43.668915
     ]
    ]
   }
  },
  {
   "type": "Feature",
   "properties": {
    "name": "Hwy 407",
    "kind": "highway"
   },
   "geometry": {
    "type": "LineString",
    "coordinates": [
     [
      -79.736627,
      43.641025
     ],
     [
      -79.73909,
      43.63909
     ],
     [
      -79.741514,
      43.637225
     ],
     [
      -79.741724,
      43.637049
     ]
    ]
   }
  },
  {
   "type": "Feature",
   "properties": {
    "name": "Hwy 407",
    "kind": "highway"
   },
   "geometry": {
    "type": "LineString",
    "coordinates": [
     [
      -79.700155,
      43.669168
     ],
     [
      -79.700187,
      43.669132
     ]
    ]
   }
  },
  {
   "type": "Feature",
   "properties": {
    "name": "Hwy 410",
    "kind": "highway"
   },
   "geometry": {
    "type": "LineString",
    "coordinates": [
     [
      -79.766475,
      43.724529
     ],
     [
      -79.766965,
      43.724918
     ],
     [
      -79.767241,
      43.725311
     ],
     [
      -79.76714,
      43.725976
     ]
    ]
   }
  },
  {
   "type": "Feature",
   "properties": {
    "name": "Hwy 410",
    "kind": "highway"
   },
   "geometry": {
    "type": "LineString",
    "coordinates": [
     [
      -79.765261,
      43.725494
     ],
     [
      -79.767468,
      43.728263
     ],
     [
      -79.7679,
      43.728755
     ]
    ]
   }
  },
  {
   "type": "Feature",
   "properties": {
    "name": "Hwy 407",
    "kind": "highway"
   },
   "geometry": {
    "type": "LineString",
    "coordinates": [
     [
      -79.699626,
      43.669135
     ],
     [
      -79.698697,
      43.670277
     ],
     [
      -79.697953,
      43.671254
     ],
     [
      -79.697242,
      43.672241
     ],
     [
      -79.696292,
      43.673657
     ],
     [
      -79.695779,
      43.674484
     ],
     [
      -79.695302,
      43.675325
     ],
     [
      -79.694656,
      43.676614
     ]
    ]
   }
  },
  {
   "type": "Feature",
   "properties": {
    "name": "Hwy 407",
    "kind": "highway"
   },
   "geometry": {
    "type": "LineString",
    "coordinates": [
     [
      -79.691264,
      43.687772
     ],
     [
      -79.691684,
      43.686935
     ]
    ]
   }
  },
  {
   "type": "Feature",
   "properties": {
    "name": "Hwy 410",
    "kind": "highway"
   },
   "geometry": {
    "type": "LineString",
    "coordinates": [
     [
      -79.711242,
      43.686045
     ],
     [
      -79.710463,
      43.686423
     ],
     [
      -79.709837,
      43.686254
     ],
     [
      -79.709713,
      43.685776
     ],
     [
      -79.710118,
      43.685533
     ],
     [
      -79.711301,
      43.685758
     ]
    ]
   }
  },
  {
   "type": "Feature",
   "properties": {
    "name": "Hwy 407",
    "kind": "highway"
   },
   "geometry": {
    "type": "LineString",
    "coordinates": [
     [
      -79.643355,
      43.748696
     ],
     [
      -79.645775,
      43.746523
     ],
     [
      -79.647482,
      43.745062
     ],
     [
      -79.648692,
      43.744073
     ],
     [
      -79.648871,
      43.743952
     ]
    ]
   }
  },
  {
   "type": "Feature",
   "properties": {
    "name": "Hwy 407",
    "kind": "highway"
   },
   "geometry": {
    "type": "LineString",
    "coordinates": [
     [
      -79.69557,
      43.676413
     ],
     [
      -79.695924,
      43.67589
     ],
     [
      -79.696687,
      43.674859
     ],
     [
      -79.697272,
      43.67415
     ],
     [
      -79.6977,
      43.673732
     ],
     [
      -79.698056,
      43.673457
     ],
     [
      -79.698599,
      43.673184
     ],
     [
      -79.699377,
      43.672968
     ],
     [
      -79.70019,
      43.6729
     ],
     [
      -79.700838,
      43.672957
     ],
     [
      -79.701478,
      43.673122
     ],
     [
      -79.702036,
      43.673371
     ],
     [
      -79.70261,
      43.673788
     ],
     [
      -79.703065,
      43.674279
     ],
     [
      -79.703488,
      43.674775
     ],
     [
      -79.703963,
      43.675392
     ]
    ]
   }
  },
  {
   "type": "Feature",
   "properties": {
    "name": "Hwy 410",
    "kind": "highway"
   },
   "geometry": {
    "type": "LineString",
    "coordinates": [
     [
      -79.777778,
      43.73858
     ],
     [
      -79.777167,
      43.738776
     ],
     [
      -79.776564,
      43.738717
     ],
     [
      -79.776288,
      43.738299
     ],
     [
      -79.776654,
      43.73791
     ],
     [
      -79.7773,
      43.737908
     ],
     [
      -79.778124,
      43.738305
     ]
    ]
   }
  },
  {
   "type": "Feature",
   "properties": {
    "name": "Hwy 410",
    "kind": "highway"
   },
   "geometry": {
    "type": "LineString",
    "coordinates": [
     [
      -79.705492,
      43.67626
     ],
     [
      -79.70388,
      43.672843
     ],
     [
      -79.703574,
      43.672254
     ],
     [
      -79.703025,
      43.671393
     ],
     [
      -79.701952,
      43.670143
     ],
     [
      -79.701282,
      43.669487
     ],
     [
      -79.700458,
      43.668856
     ]
    ]
   }
  },
  {
   "type": "Feature",
   "properties": {
    "name": "Hwy 407",
    "kind": "highway"
   },
   "geometry": {
    "type": "LineString",
    "coordinates": [
     [
      -79.654651,
      43.739695
     ],
     [
      -79.652547,
      43.740985
     ],
     [
      -79.651169,
      43.741892
     ],
     [
      -79.649841,
      43.742812
     ],
     [
      -79.649196,
      43.743277
     ],
     [
      -79.648596,
      43.743736
     ]
    ]
   }
  },
  {
   "type": "Feature",
   "properties": {
    "name": "Hwy 407",
    "kind": "highway"
   },
   "geometry": {
    "type": "LineString",
    "coordinates": [
     [
      -79.648871,
      43.743952
     ],
     [
      -79.65022,
      43.742988
     ],
     [
      -79.651803,
      43.741917
     ],
     [
      -79.653427,
      43.740878
     ],
     [
      -79.655079,
      43.73988
     ]
    ]
   }
  },
  {
   "type": "Feature",
   "properties": {
    "name": "Hwy 407",
    "kind": "highway"
   },
   "geometry": {
    "type": "LineString",
    "coordinates": [
     [
      -79.659259,
      43.736931
     ],
     [
      -79.655756,
      43.739055
     ],
     [
      -79.654651,
      43.739695
     ]
    ]
   }
  },
  {
   "type": "Feature",
   "properties": {
    "name": "Hwy 410",
    "kind": "highway"
   },
   "geometry": {
    "type": "LineString",
    "coordinates": [
     [
      -79.802271,
      43.753723
     ],
     [
      -79.800362,
      43.755085
     ],
     [
      -79.799713,
      43.75546
     ],
     [
      -79.799151,
      43.755665
     ],
     [
      -79.79848,
      43.755814
     ],
     [
      -79.797875,
      43.755859
     ],
     [
      -79.797233,
      43.755834
     ],
     [
      -79.796629,
      43.755734
     ],
     [
      -79.796034,
      43.755575
     ],
     [
      -79.795309,
      43.755289
     ],
     [
      -79.794847,
      43.755059
     ],
     [
      -79.794044,
      43.754603
     ]
    ]
   }
  },
  {
   "type": "Feature",
   "properties": {
    "name": "Hwy 410",
    "kind": "highway"
   },
   "geometry": {
    "type": "LineString",
    "coordinates": [
     [
      -79.783411,
      43.742309
     ],
     [
      -79.782194,
      43.740972
     ],
     [
      -79.781797,
      43.740478
     ],
     [
      -79.781571,
      43.739918
     ],
     [
      -79.781608,
      43.739314
     ],
     [
      -79.781851,
      43.738878
     ],
     [
      -79.782192,
      43.738519
     ],
     [
      -79.782782,
      43.738028
     ],
     [
      -79.782921,
      43.737923
     ]
    ]
   }
  },
  {
   "type": "Feature",
   "properties": {
    "name": "Hwy 410",
    "kind": "highway"
   },
   "geometry": {
    "type": "LineString",
    "coordinates": [
     [
      -79.7679,
      43.728755
     ],
     [
      -79.768748,
      43.729819
     ],
     [
      -79.769717,
      43.731029
     ],
     [
      -79.770798,
      43.732193
     ],
     [
      -79.771713,
      43.733019
     ],
     [
      -79.772503,
      43.733673
     ],
     [
      -79.773968,
      43.734785
     ]
    ]
   }
  },
  {
   "type": "Feature",
   "properties": {
    "name": "Hwy 410",
    "kind": "highway"
   },
   "geometry": {
    "type": "LineString",
    "coordinates": [
     [
      -79.783411,
      43.742309
     ],
     [
      -79.781138,
      43.740462
     ],
     [
      -79.778242,
      43.73822
     ]
    ]
   }
  },
  {
   "type": "Feature",
   "properties": {
    "name": "Hwy 407",
    "kind": "highway"
   },
   "geometry": {
    "type": "LineString",
    "coordinates": [
     [
      -79.691684,
      43.686935
     ],
     [
      -79.692273,
      43.685244
     ],
     [
      -79.693377,
      43.681705
     ]
    ]
   }
  },
  {
   "type": "Feature",
   "properties": {
    "name": "Hwy 410",
    "kind": "highway"
   },
   "geometry": {
    "type": "LineString",
    "coordinates": [
     [
      -79.767627,
      43.728831
     ],
     [
      -79.769705,
      43.731334
     ],
     [
      -79.770655,
      43.732314
     ],
     [
      -79.771381,
      43.732985
     ],
     [
      -79.773614,
      43.734808
     ]
    ]
   }
  },
  {
   "type": "Feature",
   "properties": {
    "name": "Hwy 407",
    "kind": "highway"
   },
   "geometry": {
    "type": "LineString",
    "coordinates": [
     [
      -79.661689,
      43.735902
     ],
     [
      -79.665207,
      43.733764
     ],
     [
      -79.668282,
      43.731949
     ]
    ]
   }
  },
  {
   "type": "Feature",
   "properties": {
    "name": "Hwy 407",
    "kind": "highway"
   },
   "geometry": {
    "type": "LineString",
    "coordinates": [
     [
      -79.705492,
      43.67626
     ],
     [
      -79.704659,
      43.673896
     ],
     [
      -79.70434,
      43.67292
     ],
     [
      -79.704109,
      43.672328
     ],
     [
      -79.703783,
      43.671739
     ]
    ]
   }
  },
  {
   "type": "Feature",
   "properties": {
    "name": "Hwy 407",
    "kind": "highway"
   },
   "geometry": {
    "type": "LineString",
    "coordinates": [
     [
      -79.700187,
      43.669132
     ],
     [
      -79.700413,
      43.668901
     ]
    ]
   }
  },
  {
   "type": "Feature",
   "properties": {
    "name": "Hwy 407",
    "kind": "highway"
   },
   "geometry": {
    "type": "LineString",
    "coordinates": [
     [
      -79.655079,
      43.73988
     ],
     [
      -79.661689,
      43.735902
     ]
    ]
   }
  },
  {
   "type": "Feature",
   "properties": {
    "name": "Hwy 410",
    "kind": "highway"
   },
   "geometry": {
    "type": "LineString",
    "coordinates": [
     [
      -79.788519,
      43.748271
     ],
     [
      -79.792035,
      43.75295
     ]
    ]
   }
  },
  {
   "type": "Feature",
   "properties": {
    "name": "Hwy 410",
    "kind": "highway"
   },
   "geometry": {
    "type": "LineString",
    "coordinates": [
     [
      -79.773614,
      43.734808
     ],
     [
      -79.776088,
      43.736689
     ],
     [
      -79.777612,
      43.737896
     ],
     [
      -79.778124,
      43.738305
     ]
    ]
   }
  },
  {
   "type": "Feature",
   "properties": {
    "name": "Hwy 407",
    "kind": "highway"
   },
   "geometry": {
    "type": "LineString",
    "coordinates": [
     [
      -79.674961,
      43.720516
     ],
     [
      -79.674691,
      43.722687
     ],
     [
      -79.674347,
      43.723534
     ],
     [
      -79.674034,
      43.723953
     ],
     [
      -79.67363,
      43.724336
     ],
     [
      -79.671721,
      43.725678
     ]
    ]
   }
  },
  {
   "type": "Feature",
   "properties": {
    "name": "Hwy 410",
    "kind": "highway"
   },
   "geometry": {
    "type": "LineString",
    "coordinates": [
     [
      -79.778124,
      43.738305
     ],
     [
      -79.781458,
      43.740951
     ],
     [
      -79.782767,
      43.742091
     ]
    ]
   }
  },
  {
   "type": "Feature",
   "properties": {
    "name": "Hwy 407",
    "kind": "highway"
   },
   "geometry": {
    "type": "LineString",
    "coordinates": [
     [
      -79.640579,
      43.751234
     ],
     [
      -79.643355,
      43.748696
     ]
    ]
   }
  },
  {
   "type": "Feature",
   "properties": {
    "name": "Hwy 407",
    "kind": "highway"
   },
   "geometry": {
    "type": "LineString",
    "coordinates": [
     [
      -79.757314,
      43.621817
     ],
     [
      -79.757904,
      43.621261
     ],
     [
      -79.758516,
      43.620713
     ],
     [
      -79.759151,
      43.620185
     ],
     [
      -79.759814,
      43.619661
     ],
     [
      -79.760447,
      43.619204
     ],
     [
      -79.761102,
      43.618761
     ],
     [
      -79.761787,
      43.618331
     ],
     [
      -79.762498,
      43.617911
     ]
    ]
   }
  },
  {
   "type": "Feature",
   "properties": {
    "name": "Hwy 407",
    "kind": "highway"
   },
   "geometry": {
    "type": "LineString",
    "coordinates": [
     [
      -79.674236,
      43.727544
     ],
     [
      -79.67462,
      43.728061
     ],
     [
      -79.674365,
      43.728621
     ],
     [
      -79.673786,
      43.728673
     ],
     [
      -79.673374,
      43.728385
     ],
     [
      -79.673457,
      43.727773
     ],
     [
      -79.673754,
      43.727187
     ]
    ]
   }
  },
  {
   "type": "Feature",
   "properties": {
    "name": "Hwy 407",
    "kind": "highway"
   },
   "geometry": {
    "type": "LineString",
    "coordinates": [
     [
      -79.673754,
      43.727187
     ],
     [
      -79.67434,
      43.72614
     ],
     [
      -79.674556,
      43.725666
     ],
     [
      -79.67483,
      43.724931
     ],
     [
      -79.675037,
      43.724186
     ]
    ]
   }
  },
  {
   "type": "Feature",
   "properties": {
    "name": "Hwy 410",
    "kind": "highway"
   },
   "geometry": {
    "type": "LineString",
    "coordinates": [
     [
      -79.798976,
      43.756631
     ],
     [
      -79.797615,
      43.756341
     ],
     [
      -79.796363,
      43.755935
     ],
     [
      -79.795485,
      43.755555
     ],
     [
      -79.794837,
      43.755201
     ],
     [
      -79.79442,
      43.75493
     ],
     [
      -79.794044,
      43.754603
     ]
    ]
   }
  },
  {
   "type": "Feature",
   "properties": {
    "name": "Hwy 407",
    "kind": "highway"
   },
   "geometry": {
    "type": "LineString",
    "coordinates": [
     [
      -79.700187,
      43.669132
     ],
     [
      -79.700129,
      43.66872
     ],
     [
      -79.700124,
      43.668629
     ]
    ]
   }
  },
  {
   "type": "Feature",
   "properties": {
    "name": "Hwy 407",
    "kind": "highway"
   },
   "geometry": {
    "type": "LineString",
    "coordinates": [
     [
      -79.694067,
      43.679444
     ],
     [
      -79.694368,
      43.678664
     ],
     [
      -79.69472,
      43.677898
     ],
     [
      -79.695119,
      43.677151
     ],
     [
      -79.69557,
      43.676413
     ]
    ]
   }
  },
  {
   "type": "Feature",
   "properties": {
    "name": "Hwy 407",
    "kind": "highway"
   },
   "geometry": {
    "type": "LineString",
    "coordinates": [
     [
      -79.71635,
      43.653499
     ],
     [
      -79.715211,
      43.654418
     ],
     [
      -79.714142,
      43.655316
     ]
    ]
   }
  },
  {
   "type": "Feature",
   "properties": {
    "name": "Hwy 407",
    "kind": "highway"
   },
   "geometry": {
    "type": "LineString",
    "coordinates": [
     [
      -79.703783,
      43.671739
     ],
     [
      -79.703506,
      43.671317
     ],
     [
      -79.703202,
      43.670918
     ],
     [
      -79.702871,
      43.670527
     ],
     [
      -79.7025,
      43.670144
     ],
     [
      -79.70215,
      43.669816
     ],
     [
      -79.701778,
      43.669506
     ],
     [
      -79.700621,
      43.668637
     ]
    ]
   }
  },
  {
   "type": "Feature",
   "properties": {
    "name": "Bovaird Dr E",
    "kind": "highway"
   },
   "geometry": {
    "type": "LineString",
    "coordinates": [
     [
      -79.769658,
      43.721772
     ],
     [
      -79.77047,
      43.721016
     ],
     [
      -79.771339,
      43.720273
     ],
     [
      -79.773046,
      43.719049
     ]
    ]
   }
  },
  {
   "type": "Feature",
   "properties": {
    "name": "Winston Churchill Blvd",
    "kind": "major"
   },
   "geometry": {
    "type": "LineString",
    "coordinates": [
     [
      -79.792881,
      43.604388
     ],
     [
      -79.793904,
      43.605128
     ],
     [
      -79.796478,
      43.606668
     ],
     [
      -79.797782,
      43.607614
     ]
    ]
   }
  },
  {
   "type": "Feature",
   "properties": {
    "name": "Airport Rd",
    "kind": "major"
   },
   "geometry": {
    "type": "LineString",
    "coordinates": [
     [
      -79.749105,
      43.783069
     ],
     [
      -79.753875,
      43.786583
     ]
    ]
   }
  },
  {
   "type": "Feature",
   "properties": {
    "name": "Bovaird Dr E",
    "kind": "major"
   },
   "geometry": {
    "type": "LineString",
    "coordinates": [
     [
      -79.754811,
      43.734744
     ],
     [
      -79.758063,
      43.731817
     ],
     [
      -79.759184,
      43.730776
     ],
     [
      -79.759788,
      43.730269
     ]
    ]
   }
  },
  {
   "type": "Feature",
   "properties": {
    "name": "Steeles Ave E",
    "kind": "major"
   },
   "geometry": {
    "type": "LineString",
    "coordinates": [
     [
      -79.690522,
      43.704916
     ],
     [
      -79.69279,
      43.702799
     ],
     [
      -79.695328,
      43.700095
     ],
     [
      -79.695794,
      43.699637
     ],
     [
      -79.696695,
      43.698792
     ],
     [
      -79.697266,
      43.698357
     ]
    ]
   }
  },
  {
   "type": "Feature",
   "properties": {
    "name": "Queen St E",
    "kind": "major"
   },
   "geometry": {
    "type": "LineString",
    "coordinates": [
     [
      -79.71339,
      43.728144
     ],
     [
      -79.717428,
      43.724489
     ]
    ]
   }
  },
  {
   "type": "Feature",
   "properties": {
    "name": "Kennedy Rd N",
    "kind": "major"
   },
   "geometry": {
    "type": "LineString",
    "coordinates": [
     [
      -79.749491,
      43.695636
     ],
     [
      -79.750782,
      43.696627
     ]
    ]
   }
  },
  {
   "type": "Feature",
   "properties": {
    "name": "Bovaird Dr W",
    "kind": "highway"
   },
   "geometry": {
    "type": "LineString",
    "coordinates": [
     [
      -79.83223,
      43.664572
     ],
     [
      -79.832858,
      43.663996
     ],
     [
      -79.833513,
      43.66334
     ],
     [
      -79.835823,
      43.660532
     ],
     [
      -79.836627,
      43.659735
     ],
     [
      -79.839651,
      43.656943
     ]
    ]
   }
  },
  {
   "type": "Feature",
   "properties": {
    "name": "Airport Rd",
    "kind": "major"
   },
   "geometry": {
    "type": "LineString",
    "coordinates": [
     [
      -79.716263,
      43.758713
     ],
     [
      -79.71932,
      43.761021
     ]
    ]
   }
  },
  {
   "type": "Feature",
   "properties": {
    "name": "Airport Rd",
    "kind": "major"
   },
   "geometry": {
    "type": "LineString",
    "coordinates": [
     [
      -79.71932,
      43.761021
     ],
     [
      -79.722379,
      43.763333
     ]
    ]
   }
  },
  {
   "type": "Feature",
   "properties": {
    "name": "Queen St E",
    "kind": "major"
   },
   "geometry": {
    "type": "LineString",
    "coordinates": [
     [
      -79.687608,
      43.750487
     ],
     [
      -79.690172,
      43.748342
     ],
     [
      -79.692717,
      43.746151
     ]
    ]
   }
  },
  {
   "type": "Feature",
   "properties": {
    "name": "Queen St E",
    "kind": "major"
   },
   "geometry": {
    "type": "LineString",
    "coordinates": [
     [
      -79.692717,
      43.746151
     ],
     [
      -79.695807,
      43.74354
     ]
    ]
   }
  },
  {
   "type": "Feature",
   "properties": {
    "name": "Mississauga Rd",
    "kind": "major"
   },
   "geometry": {
    "type": "LineString",
    "coordinates": [
     [
      -79.760719,
      43.616532
     ],
     [
      -79.761234,
      43.61697
     ],
     [
      -79.761885,
      43.61745
     ]
    ]
   }
  },
  {
   "type": "Feature",
   "properties": {
    "name": "Queen St E",
    "kind": "major"
   },
   "geometry": {
    "type": "LineString",
    "coordinates": [
     [
      -79.695807,
      43.74354
     ],
     [
      -79.701317,
      43.738817
     ]
    ]
   }
  },
  {
   "type": "Feature",
   "properties": {
    "name": "Bovaird Dr E",
    "kind": "highway"
   },
   "geometry": {
    "type": "LineString",
    "coordinates": [
     [
      -79.773046,
      43.719049
     ],
     [
      -79.773743,
      43.718579
     ],
     [
      -79.774404,
      43.718042
     ],
     [
      -79.776629,
      43.715924
     ]
    ]
   }
  },
  {
   "type": "Feature",
   "properties": {
    "name": "Bovaird Dr W",
    "kind": "highway"
   },
   "geometry": {
    "type": "LineString",
    "coordinates": [
     [
      -79.789566,
      43.703372
     ],
     [
      -79.791259,
      43.701669
     ],
     [
      -79.792033,
      43.700909
     ],
     [
      -79.79254,
      43.700394
     ],
     [
      -79.792967,
      43.700014
     ],
     [
      -79.793313,
      43.699688
     ],
     [
      -79.794041,
      43.699074
     ],
     [
      -79.795037,
      43.698151
     ]
    ]
   }
  },
  {
   "type": "Feature",
   "properties": {
    "name": "Bovaird Dr W",
    "kind": "highway"
   },
   "geometry": {
    "type": "LineString",
    "coordinates": [
     [
      -79.795037,
      43.698151
     ],
     [
      -79.797576,
      43.696008
     ]
    ]
   }
  },
  {
   "type": "Feature",
   "properties": {
    "name": "Steeles Ave W",
    "kind": "major"
   },
   "geometry": {
    "type": "LineString",
    "coordinates": [
     [
      -79.757247,
      43.644322
     ],
     [
      -79.759958,
      43.641848
     ]
    ]
   }
  },
  {
   "type": "Feature",
   "properties": {
    "name": "Bovaird Dr E",
    "kind": "highway"
   },
   "geometry": {
    "type": "LineString",
    "coordinates": [
     [
      -79.766475,
      43.724529
     ],
     [
      -79.76682,
      43.724276
     ],
     [
      -79.767985,
      43.723285
     ]
    ]
   }
  },
  {
   "type": "Feature",
   "properties": {
    "name": "Queen St W",
    "kind": "major"
   },
   "geometry": {
    "type": "LineString",
    "coordinates": [
     [
      -79.792285,
      43.656758
     ],
     [
      -79.795354,
      43.653941
     ]
    ]
   }
  },
  {
   "type": "Feature",
   "properties": {
    "name": "Kennedy Rd S",
    "kind": "major"
   },
   "geometry": {
    "type": "LineString",
    "coordinates": [
     [
      -79.74723,
      43.693954
     ],
     [
      -79.747925,
      43.694502
     ]
    ]
   }
  },
  {
   "type": "Feature",
   "properties": {
    "name": "Mississauga Rd",
    "kind": "major"
   },
   "geometry": {
    "type": "LineString",
    "coordinates": [
     [
      -79.765452,
      43.6199
     ],
     [
      -79.766293,
      43.620417
     ],
     [
      -79.766962,
      43.620839
     ],
     [
      -79.767653,
      43.621283
     ]
    ]
   }
  },
  {
   "type": "Feature",
   "properties": {
    "name": "Kennedy Rd",
    "kind": "major"
   },
   "geometry": {
    "type": "LineString",
    "coordinates": [
     [
      -79.736116,
      43.685697
     ],
     [
      -79.737613,
      43.686763
     ]
    ]
   }
  },
  {
   "type": "Feature",
   "properties": {
    "name": "Kennedy Rd",
    "kind": "major"
   },
   "geometry": {
    "type": "LineString",
    "coordinates": [
     [
      -79.734463,
      43.684459
     ],
     [
      -79.736116,
      43.685697
     ]
    ]
   }
  },
  {
   "type": "Feature",
   "properties": {
    "name": "Bovaird Dr W",
    "kind": "highway"
   },
   "geometry": {
    "type": "LineString",
    "coordinates": [
     [
      -79.811916,
      43.683147
     ],
     [
      -79.813804,
      43.681429
     ],
     [
      -79.814734,
      43.680552
     ]
    ]
   }
  },
  {
   "type": "Feature",
   "properties": {
    "name": "Bovaird Dr W",
    "kind": "highway"
   },
   "geometry": {
    "type": "LineString",
    "coordinates": [
     [
      -79.814734,
      43.680552
     ],
     [
      -79.815104,
      43.680164
     ],
     [
      -79.815406,
      43.67978
     ],
     [
      -79.815691,
      43.679333
     ],
     [
      -79.815955,
      43.678847
     ],
     [
      -79.816519,
      43.677348
     ],
     [
      -79.816875,
      43.676691
     ],
     [
      -79.817117,
      43.676304
     ],
     [
      -79.817467,
      43.675836
     ],
     [
      -79.818033,
      43.675307
     ],
     [
      -79.818427,
      43.675
     ],
     [
      -79.818797,
      43.674748
     ],
     [
      -79.819554,
      43.674345
     ],
     [
      -79.820732,
      43.673855
     ],
     [
      -79.821083,
      43.67371
     ]
    ]
   }
  },
  {
   "type": "Feature",
   "properties": {
    "name": "Steeles Ave W",
    "kind": "major"
   },
   "geometry": {
    "type": "LineString",
    "coordinates": [
     [
      -79.759958,
      43.641848
     ],
     [
      -79.761193,
      43.640727
     ],
     [
      -79.76186,
      43.640121
     ]
    ]
   }
  },
  {
   "type": "Feature",
   "properties": {
    "name": "Dixie Rd",
    "kind": "major"
   },
   "geometry": {
    "type": "LineString",
    "coordinates": [
     [
      -79.691674,
      43.688078
     ],
     [
      -79.692874,
      43.688956
     ]
    ]
   }
  },
  {
   "type": "Feature",
   "properties": {
    "name": "Airport Rd",
    "kind": "major"
   },
   "geometry": {
    "type": "LineString",
    "coordinates": [
     [
      -79.722379,
      43.763333
     ],
     [
      -79.725244,
      43.765454
     ]
    ]
   }
  },
  {
   "type": "Feature",
   "properties": {
    "name": "Queen St E",
    "kind": "major"
   },
   "geometry": {
    "type": "LineString",
    "coordinates": [
     [
      -79.721862,
      43.720487
     ],
     [
      -79.722418,
      43.71998
     ]
    ]
   }
  },
  {
   "type": "Feature",
   "properties": {
    "name": "Dixie Rd",
    "kind": "major"
   },
   "geometry": {
    "type": "LineString",
    "coordinates": [
     [
      -79.724422,
      43.712115
     ],
     [
      -79.725955,
      43.713253
     ]
    ]
   }
  },
  {
   "type": "Feature",
   "properties": {
    "name": "Winston Churchill Blvd",
    "kind": "major"
   },
   "geometry": {
    "type": "LineString",
    "coordinates": [
     [
      -79.797782,
      43.607614
     ],
     [
      -79.816004,
      43.621022
     ],
     [
      -79.8222,
      43.625538
     ],
     [
      -79.824639,
      43.627342
     ]
    ]
   }
  },
  {
   "type": "Feature",
   "properties": {
    "name": "Dixie Rd",
    "kind": "major"
   },
   "geometry": {
    "type": "LineString",
    "coordinates": [
     [
      -79.732494,
      43.718179
     ],
     [
      -79.733979,
      43.719303
     ]
    ]
   }
  },
  {
   "type": "Feature",
   "properties": {
    "name": "Dixie Rd",
    "kind": "major"
   },
   "geometry": {
    "type": "LineString",
    "coordinates": [
     [
      -79.701209,
      43.695197
     ],
     [
      -79.701903,
      43.695619
     ],
     [
      -79.703,
      43.696217
     ],
     [
      -79.703694,
      43.696594
     ],
     [
      -79.70429,
      43.697015
     ],
     [
      -79.705561,
      43.697905
     ],
     [
      -79.706484,
      43.698558
     ],
     [
      -79.707306,
      43.699248
     ],
     [
      -79.707983,
      43.699829
     ]
    ]
   }
  },
  {
   "type": "Feature",
   "properties": {
    "name": "Kennedy Rd N",
    "kind": "major"
   },
   "geometry": {
    "type": "LineString",
    "coordinates": [
     [
      -79.753589,
      43.69876
     ],
     [
      -79.754471,
      43.699418
     ]
    ]
   }
  },
  {
   "type": "Feature",
   "properties": {
    "name": "Dixie Rd",
    "kind": "major"
   },
   "geometry": {
    "type": "LineString",
    "coordinates": [
     [
      -79.728088,
      43.714848
     ],
     [
      -79.729619,
      43.716013
     ]
    ]
   }
  },
  {
   "type": "Feature",
   "properties": {
    "name": "Kennedy Rd N",
    "kind": "major"
   },
   "geometry": {
    "type": "LineString",
    "coordinates": [
     [
      -79.763314,
      43.705992
     ],
     [
      -79.766605,
      43.708432
     ]
    ]
   }
  },
  {
   "type": "Feature",
   "properties": {
    "name": "Airport Rd",
    "kind": "major"
   },
   "geometry": {
    "type": "LineString",
    "coordinates": [
     [
      -79.673674,
      43.727128
     ],
     [
      -79.673754,
      43.727187
     ]
    ]
   }
  },
  {
   "type": "Feature",
   "properties": {
    "name": "Dixie Rd",
    "kind": "major"
   },
   "geometry": {
    "type": "LineString",
    "coordinates": [
     [
      -79.73781,
      43.722173
     ],
     [
      -79.739217,
      43.723201
     ]
    ]
   }
  },
  {
   "type": "Feature",
   "properties": {
    "name": "Airport Rd",
    "kind": "major"
   },
   "geometry": {
    "type": "LineString",
    "coordinates": [
     [
      -79.673261,
      43.726821
     ],
     [
      -79.673347,
      43.726885
     ]
    ]
   }
  },
  {
   "type": "Feature",
   "properties": {
    "name": "Finch Ave",
    "kind": "major"
   },
   "geometry": {
    "type": "LineString",
    "coordinates": [
     [
      -79.64359,
      43.74001
     ],
     [
      -79.647355,
      43.742747
     ]
    ]
   }
  },
  {
   "type": "Feature",
   "properties": {
    "name": "Mayfield Rd",
    "kind": "major"
   },
   "geometry": {
    "type": "LineString",
    "coordinates": [
     [
      -79.814438,
      43.743657
     ],
     [
      -79.817555,
      43.740754
     ]
    ]
   }
  },
  {
   "type": "Feature",
   "properties": {
    "name": "Queen St E",
    "kind": "major"
   },
   "geometry": {
    "type": "LineString",
    "coordinates": [
     [
      -79.655813,
      43.765946
     ],
     [
      -79.660999,
      43.765129
     ]
    ]
   }
  },
  {
   "type": "Feature",
   "properties": {
    "name": "Steeles Ave E",
    "kind": "major"
   },
   "geometry": {
    "type": "LineString",
    "coordinates": [
     [
      -79.714055,
      43.683511
     ],
     [
      -79.714227,
      43.683324
     ],
     [
      -79.717226,
      43.680574
     ]
    ]
   }
  },
  {
   "type": "Feature",
   "properties": {
    "name": "Bovaird Dr E",
    "kind": "highway"
   },
   "geometry": {
    "type": "LineString",
    "coordinates": [
     [
      -79.767985,
      43.723285
     ],
     [
      -79.769658,
      43.721772
     ]
    ]
   }
  },
  {
   "type": "Feature",
   "properties": {
    "name": "Airport Rd",
    "kind": "major"
   },
   "geometry": {
    "type": "LineString",
    "coordinates": [
     [
      -79.677345,
      43.729831
     ],
     [
      -79.678568,
      43.730727
     ]
    ]
   }
  },
  {
   "type": "Feature",
   "properties": {
    "name": "Dixie Rd",
    "kind": "major"
   },
   "geometry": {
    "type": "LineString",
    "coordinates": [
     [
      -79.744456,
      43.727103
     ],
     [
      -79.748243,
      43.729932
     ]
    ]
   }
  },
  {
   "type": "Feature",
   "properties": {
    "name": "Steeles Ave W",
    "kind": "major"
   },
   "geometry": {
    "type": "LineString",
    "coordinates": [
     [
      -79.770598,
      43.632234
     ],
     [
      -79.772914,
      43.630134
     ],
     [
      -79.775911,
      43.627391
     ]
    ]
   }
  },
  {
   "type": "Feature",
   "properties": {
    "name": "Queen St E",
    "kind": "major"
   },
   "geometry": {
    "type": "LineString",
    "coordinates": [
     [
      -79.684495,
      43.753134
     ],
     [
      -79.687608,
      43.750487
     ]
    ]
   }
  },
  {
   "type": "Feature",
   "properties": {
    "name": "Kennedy Rd N",
    "kind": "major"
   },
   "geometry": {
    "type": "LineString",
    "coordinates": [
     [
      -79.754471,
      43.699418
     ],
     [
      -79.755257,
      43.700007
     ]
    ]
   }
  },
  {
   "type": "Feature",
   "properties": {
    "name": "Steeles Ave E",
    "kind": "major"
   },
   "geometry": {
    "type": "LineString",
    "coordinates": [
     [
      -79.711441,
      43.685863
     ],
     [
      -79.71174,
      43.685596
     ]
    ]
   }
  },
  {
   "type": "Feature",
   "properties": {
    "name": "Dixie Rd",
    "kind": "major"
   },
   "geometry": {
    "type": "LineString",
    "coordinates": [
     [
      -79.692874,
      43.688956
     ],
     [
      -79.695268,
      43.690744
     ]
    ]
   }
  },
  {
   "type": "Feature",
   "properties": {
    "name": "Steeles Ave E",
    "kind": "major"
   },
   "geometry": {
    "type": "LineString",
    "coordinates": [
     [
      -79.71037,
      43.686855
     ],
     [
      -79.711242,
      43.686045
     ]
    ]
   }
  },
  {
   "type": "Feature",
   "properties": {
    "name": "Bovaird Dr W",
    "kind": "highway"
   },
   "geometry": {
    "type": "LineString",
    "coordinates": [
     [
      -79.808502,
      43.686286
     ],
     [
      -79.811916,
      43.683147
     ]
    ]
   }
  },
  {
   "type": "Feature",
   "properties": {
    "name": "Kennedy Rd N",
    "kind": "major"
   },
   "geometry": {
    "type": "LineString",
    "coordinates": [
     [
      -79.752176,
      43.697696
     ],
     [
      -79.753589,
      43.69876
     ]
    ]
   }
  },
  {
   "type": "Feature",
   "properties": {
    "name": "Airport Rd",
    "kind": "major"
   },
   "geometry": {
    "type": "LineString",
    "coordinates": [
     [
      -79.760199,
      43.791243
     ],
     [
      -79.764148,
      43.794144
     ]
    ]
   }
  },
  {
   "type": "Feature",
   "properties": {
    "name": "Airport Rd",
    "kind": "major"
   },
   "geometry": {
    "type": "LineString",
    "coordinates": [
     [
      -79.673154,
      43.726743
     ],
     [
      -79.673261,
      43.726821
     ]
    ]
   }
  },
  {
   "type": "Feature",
   "properties": {
    "name": "Winston Churchill Blvd",
    "kind": "major"
   },
   "geometry": {
    "type": "LineString",
    "coordinates": [
     [
      -79.878032,
      43.666906
     ],
     [
      -79.888844,
      43.674881
     ]
    ]
   }
  },
  {
   "type": "Feature",
   "properties": {
    "name": "Mayfield Rd",
    "kind": "major"
   },
   "geometry": {
    "type": "LineString",
    "coordinates": [
     [
      -79.822105,
      43.736412
     ],
     [
      -79.823641,
      43.734986
     ]
    ]
   }
  },
  {
   "type": "Feature",
   "properties": {
    "name": "Dixie Rd",
    "kind": "major"
   },
   "geometry": {
    "type": "LineString",
    "coordinates": [
     [
      -79.725955,
      43.713253
     ],
     [
      -79.728088,
      43.714848
     ]
    ]
   }
  }
 ]
}
